﻿SUB UNIDAD,COMPONENTE,PIEZA,VERBO TECNICO,CAUSA,CLASIFICACION,ID_FALLA
RUEDAS,NEUMATICOS POSTERIORES,LLANTA IZQUIERDA,PICADO,CONDICION EXTERNA,TRACTOR,F00001
RUEDAS,NEUMATICOS POSTERIORES,LLANTA DERECHA,PICADO,CONDICION EXTERNA,TRACTOR,F00002
RUEDAS,NEUMATICOS DELANTEROS,LLANTA IZQUIERDA,PICADO,CONDICION EXTERNA,TRACTOR,F00003
RUEDAS,NEUMATICOS DELANTEROS,LLANTA DERECHA,PICADO,CONDICION EXTERNA,TRACTOR,F00004
TRANSMISION,CADENA DE ARRASTRE,ESLABON DE CADENA IZQUIERDA,ROTO,DESGASTE ESPERADO,IMPLEMENTO,F00005
TRANSMISION,CADENA DE ARRASTRE,ESLABON DE CADENA DERECHA,ROTO,CONDICION EXTERNA,IMPLEMENTO,F00006
TRANSMISION,PALANCAS DE CAMBIOS,PALANCA DE ALTA,DESAJUSTADO,DESGASTE ESPERADO,TRACTOR,F00007
RUEDAS,NEUMATICOS DELANTEROS,LLANTA DERECHA,PICADO,CONDICION EXTERNA,IMPLEMENTO,F00008
TRANSMISION,CADENA DE ARRASTRE,ESLABON DE CADENA DERECHA,ROTO,DESGASTE ESPERADO,IMPLEMENTO,F00009
ELECTRICO,CHAPA DE CONTACTO,BORNE DE SALIDA,SULFATADO,ERROR DE MANTENIMIENTO,TRACTOR,F00010
TRANSMISION,EJE DELANTERO,ASIENTO DE RODAMIENTO,DESGASTADO,DESGASTE ESPERADO,IMPLEMENTO,F00011
TIRO,ENGANCHE,PIN,ROTO,ERROR DE MANTENIMIENTO,TRACTOR,F00012
TRANSMISION,MOTOR HIDRAULICO,RETEN,FUGADO,DESGASTE ESPERADO,IMPLEMENTO,F00013
TRANSMISION,PIÑONES TRASEROS,PIÑON IZQUIERDO,DESGASTADO,ERROR DE MANTENIMIENTO,IMPLEMENTO,F00014
TRANSMISION,PALANCAS DE CAMBIOS,PALANCA DE ALTA,DESAJUSTADO,ERROR DE MANTENIMIENTO,TRACTOR,F00015
HIDRAULICO,MANGUERAS HIDRAULICAS,MANGUERA 1,REVENTADO,ERROR DE MANTENIMIENTO,IMPLEMENTO,F00016
RUEDAS,CAMARA DE AIRE TRASERA,CAMARA IZQUIERDA,PICADO,CONDICION EXTERNA,IMPLEMENTO,F00017
TRANSMISION,CADENA DE ARRASTRE,ESLABON DE CADENA DERECHA,ROTO,ERROR DE MANTENIMIENTO,IMPLEMENTO,F00018
TRANSMISION,PALANCAS DE CAMBIOS,PALANCA DE ALTA,DESCONECTADO,MALA OPERACION,TRACTOR,F00019
CONTROLES HIDRAULICOS,COMANDO HIDRAULICO,CONECTOR HIDRAULICO,DEFORMADO,DESGASTE ESPERADO,IMPLEMENTO,F00020
CONTROLES HIDRAULICOS,COMANDO HIDRAULICO,CONECTOR HIDRAULICO,DESAJUSTADO,ERROR DE MANTENIMIENTO,IMPLEMENTO,F00021
ELECTRICO,BATERIA,ELECTROLITO,DESGASTADO,DESGASTE ESPERADO,TRACTOR,F00022
TRANSMISION,PALANCAS DE CAMBIOS,PALANCA DE BAJA,DESCONECTADO,MALA OPERACION,TRACTOR,F00023
FRENOS,VARILLAJE DE FRENOS,PIN,ROTO,DESGASTE ESPERADO,TRACTOR,F00024
TOMA DE FUERZA,PALANCA TDF,PIN,DEFORMADO,DESGASTE ESPERADO,TRACTOR,F00025
HIDRAULICO,MANGUERAS HIDRAULICAS,MANGUERA 2,REVENTADO,ERROR DE MANTENIMIENTO,IMPLEMENTO,F00026
ELECTRICO,CAJA DE FUSIBLES,FUSIBLE 15 AMP,QUEMADO,ERROR DE MANTENIMIENTO,TRACTOR,F00027
RUEDAS,ELEMENTOS DE SUJECION,TUERCA,FLOJO,ERROR DE MANTENIMIENTO,TRACTOR,F00028
RUEDAS,NEUMATICOS POSTERIORES,LLANTA IZQUIERDA,PICADO,CONDICION EXTERNA,IMPLEMENTO,F00029
RUEDAS,NEUMATICOS POSTERIORES,LLANTA DERECHA,PICADO,CONDICION EXTERNA,IMPLEMENTO,F00030
HIDRAULICO,DEPOSITO DE ACEITE,ACEITE HIDRAULICO,REDUCIDO,FALLA EN CASCADA,TRACTOR,F00031
RUEDAS,TREN DE RUEDAS,MUÑON,FRACTURADO,CAPACIDAD INAPROPIADA,IMPLEMENTO,F00032
MOTOR,ESCAPE,SOPORTE DE TUBO,DEFORMADO,ERROR DE MANTENIMIENTO,TRACTOR,F00033
TRANSMISION,CADENA DE ARRASTRE,ESLABON DE CADENA IZQUIERDA,ROTO,ERROR DE MANTENIMIENTO,IMPLEMENTO,F00034
CONTROLES HIDRAULICOS,COMANDO HIDRAULICO,BLOQUE HIDRAULICO,FISURADO,MALA OPERACION,IMPLEMENTO,F00035
RUEDAS,NEUMATICOS DELANTEROS,LLANTA IZQUIERDA,PICADO,CONDICION EXTERNA,IMPLEMENTO,F00036
TRANSMISION,EJE DELANTERO,CHUMACERA IZQUIERDA,DESAJUSTADO,ERROR DE MANTENIMIENTO,IMPLEMENTO,F00037
ELECTRICO,ARRANCADOR,SOLENOIDE,QUEMADO,MALA OPERACION,TRACTOR,F00038
TRANSMISION,EJE DELANTERO,CHUMACERA DERECHA,DESAJUSTADO,ERROR DE MANTENIMIENTO,IMPLEMENTO,F00039
TRANSMISION,CADENA DE ARRASTRE,ESLABON DE CADENA DERECHA,ROTO,MALA OPERACION,IMPLEMENTO,F00040
HIDRAULICO,CILINDRO HIDRAULICO,RETEN,FUGADO,DESGASTE ESPERADO,IMPLEMENTO,F00041
HIDRAULICO,MANGUERAS HIDRAULICAS,MANGUERA 3,REVENTADO,ERROR DE MANTENIMIENTO,IMPLEMENTO,F00042
COMBUSTIBLE,BOMBA DE INYECCION,SOLENOIDE,QUEMADO,CONDICION EXTERNA,TRACTOR,F00043
ELECTRICO,BATERIA,ELECTROLITO,DESGASTADO,FALLA EN CASCADA,TRACTOR,F00044
CONTROLES HIDRAULICOS,COMANDO HIDRAULICO,CONECTOR HIDRAULICO,FLOJO,ERROR DE MANTENIMIENTO,IMPLEMENTO,F00045
HIDRAULICO,MANGUERAS HIDRAULICAS,MANGUERA 4,REVENTADO,ERROR DE MANTENIMIENTO,TRACTOR,F00046
SEGURIDAD,CLAXON,BORNE DE ENTRADA,SULFATADO,ERROR DE MANTENIMIENTO,TRACTOR,F00047
TIRO,BARRA DE TIRO,BARRA,FRACTURADO,MAL USO,TRACTOR,F00048
TIRO,ENGANCHE,PIN,DESAJUSTADO,ERROR DE MANTENIMIENTO,TRACTOR,F00049
RUEDAS,ELEMENTOS DE SUJECION,TUERCA,FLOJO,ERROR DE MANTENIMIENTO,IMPLEMENTO,F00050
RUEDAS,BOCAMASA IZQUIERDA,RODAMIENTO,TRABADO,ERROR DE MANTENIMIENTO,IMPLEMENTO,F00051
TRANSMISION,CADENA DE ARRASTRE,TEMPLADOR IZQUIERDO,DESAJUSTADO,ERROR DE MANTENIMIENTO,IMPLEMENTO,F00052
TIRO,BARRA DE TIRO,BARRA,ROTO,MAL USO,TRACTOR,F00053
HIDRAULICO,CILINDRO HIDRAULICO,RETEN,FUGADO,MALA OPERACION,IMPLEMENTO,F00054
HIDRAULICO,CILINDRO HIDRAULICO,PIN,DESGASTADO,DESGASTE ESPERADO,IMPLEMENTO,F00055
COMBUSTIBLE,CAÑERIAS,MANGUERA 1,AIREADO,ERROR DE MANTENIMIENTO,TRACTOR,F00056
PLATAFORMA,TECHO,ELEMENTO DE SUJECIÓN,FLOJO,ERROR DE MANTENIMIENTO,TRACTOR,F00057
HIDRAULICO,CILINDRO HIDRAULICO,CONECTOR HIDRAULICO,DESAJUSTADO,ERROR DE MANTENIMIENTO,IMPLEMENTO,F00058
EMBRAGUE,VARILLAJE DE EMBRAGUE,PEDAL DE EMBRAGUE,DESREGULADO,DESGASTE ESPERADO,TRACTOR,F00059
COMBUSTIBLE,BOMBA DE INYECCION,REGULADOR DE CAUDAL,DESREGULADO,DESGASTE ESPERADO,TRACTOR,F00060
ELECTRICO,ARRANCADOR,BENDIX,DESGASTADO,DESGASTE ESPERADO,TRACTOR,F00061
TRANSMISION,PIÑONES TRASEROS,PIÑON DERECHO,DESGASTADO,DESGASTE ESPERADO,IMPLEMENTO,F00062
ELECTRICO,ALTERNADOR,FAJA,FLOJO,ERROR DE MANTENIMIENTO,TRACTOR,F00063
HIDRAULICO,MOTOR HIDRAULICO,RETEN,FUGADO,DESGASTE ESPERADO,IMPLEMENTO,F00064
ELECTRICO,ALTERNADOR,FAJA,FLOJO,DESGASTE ESPERADO,TRACTOR,F00065
RUEDAS,BOCAMASAS POSTERIORES,RODAMIENTO DERECHO,TRABADO,ERROR DE MANTENIMIENTO,IMPLEMENTO,F00066
TRANSMISION,CADENA DE ARRASTRE,TEMPLADOR DERECHO,DESAJUSTADO,ERROR DE MANTENIMIENTO,IMPLEMENTO,F00067
COMBUSTIBLE,CAÑERIAS,CONECTOR,AIREADO,ERROR DE MANTENIMIENTO,TRACTOR,F00068
FRENOS,VARILLAJE DE FRENOS,REGULADOR,DESREGULADO,DESGASTE ESPERADO,TRACTOR,F00069
DIRECCION,MANGUERAS HIDRAULICAS,CONECTOR,FLOJO,ERROR DE MANTENIMIENTO,TRACTOR,F00070
TRANSMISION,PIÑONES TRASEROS,RODAMIENTO DERECHO,DESGASTADO,DESGASTE ESPERADO,IMPLEMENTO,F00071
ELECTRICO,CAJA DE FUSIBLES,FUSIBLE 1,QUEMADO,FALLA EN CASCADA,TRACTOR,F00072
TRANSMISION,PIÑONES TRASEROS,PIÑON IZQUIERDO,DESGASTADO,DESGASTE ESPERADO,IMPLEMENTO,F00073
ELECTRICO,LUCES,FOCO,QUEMADO,DESGASTE ESPERADO,TRACTOR,F00074
TRANSMISION,PALANCA DE RANGO,VARILLAJE,DESCONECTADO,MALA OPERACION,TRACTOR,F00075
TRANSMISION,PALANCA PRINCIPAL,VARILLAJE,TRABADO,MALA OPERACION,TRACTOR,F00076
ELECTRICO,ALARMA DE RETROCESO,CABLES,DESCONECTADO,CONDICION EXTERNA,TRACTOR,F00077
TRANSMISION,TREN DE MARCHAS,VARILLAJE,TRABADO,MALA OPERACION,TRACTOR,F00078
EMBRAGUE,VARILLAJE DE EMBRAGUE,REGULADOR,DESREGULADO,DESGASTE ESPERADO,TRACTOR,F00079
FRENOS,VARILLAJE DE FRENOS,PIN,ROTO,ERROR DE MANTENIMIENTO,TRACTOR,F00080
FRENOS,VARILLAJE DE FRENOS,VARILLA 1,ROTO,ERROR DE MANTENIMIENTO,TRACTOR,F00081
TIRO,BARRA DE TIRO,PIN,DOBLADO,DESGASTE ESPERADO,TRACTOR,F00082
ELECTRICO,ARRANCADOR,SOLENOIDE,DESCONECTADO,ERROR DE MANTENIMIENTO,TRACTOR,F00083
ELECTRICO,CHAPA DE CONTACTO,CONECTOR,FLOJO,ERROR DE MANTENIMIENTO,TRACTOR,F00084
ESTRUCTURA METALICA,TIRO DE ENGANCHE,TUBO,FRACTURADO,DESGASTE ESPERADO,IMPLEMENTO,F00085
RUEDAS,NEUMATICOS POSTERIORES,TUERCA,FLOJO,ERROR DE MANTENIMIENTO,TRACTOR,F00086
TRANSMISION,ARNES ELECTRICO,CABLES,DESCONECTADO,ERROR DE MANTENIMIENTO,IMPLEMENTO,F00087
ELECTRICO,CORTA CORRIENTE,CONTACTOS,DESGASTADO,DESGASTE ESPERADO,TRACTOR,F00088
ELECTRICO,ALTERNADOR,ROTOR,QUEMADO,FALLA EN CASCADA,TRACTOR,F00089
ELECTRICO,SWITCH DE NEUTRO,SWITCH DE NEUTRO,DESGASTADO,DESGASTE ESPERADO,TRACTOR,F00090
TRANSMISION,ACEITE HIDRAULICO,ACEITE HIDRAULICO,REDUCIDO,ERROR DE MANTENIMIENTO,TRACTOR,F00091
ELECTRICO,BATERIA,ELECTROLITO,DESCARGADO,DESGASTE ESPERADO,TRACTOR,F00092
COMBUSTIBLE,BOMBA DE ALIMENTACION,DIAFRAGMA,DESGASTADO,DESGASTE ESPERADO,TRACTOR,F00093
ELECTRICO,ALTERNADOR,FAJA,DESAJUSTADO,ERROR DE MANTENIMIENTO,TRACTOR,F00094
ELECTRICO,SENSOR DE TEMPERATURA,SENSOR DE TEMPERATURA,QUEMADO,DESGASTE ESPERADO,TRACTOR,F00095
DIRECCION,CAÑERIAS,CAÑERIA 1,PICADO,CONDICION EXTERNA,TRACTOR,F00096
TIRO,BARRA DE TIRO,BARRA,ROTO,MALA OPERACION,TRACTOR,F00097
ACELERACION,VARILLAJE DE ACELERACION,PIN,ROTO,DESGASTE ESPERADO,TRACTOR,F00098
ELECTRICO,ALTERNADOR,CONECTOR,DESCONECTADO,ERROR DE MANTENIMIENTO,TRACTOR,F00099
RUEDAS,BOCAMASAS POSTERIORES,RODAMIENTO IZQUIERDO,TRABADO,ERROR DE MANTENIMIENTO,IMPLEMENTO,F00100
ELECTRICO,ARNES ELECTRICO,CABLE,DESCONECTADO,CONDICION EXTERNA,IMPLEMENTO,F00101
HIDRAULICO,MOTOR HIDRAULICO,RETEN 2,FUGADO,CONDICION EXTERNA,IMPLEMENTO,F00102
ADMISION,PRECLEANER,CARCASA,ROTO,CONDICION EXTERNA,TRACTOR,F00103
ELECTRICO,TABLERO DE COMANDOS,ENCHUFE,FLOJO,ERROR DE MANTENIMIENTO,IMPLEMENTO,F00104
DISCOS,CHUMACERAS,RODAMIENTO 5,TRABADO,CONDICION EXTERNA,IMPLEMENTO,F00105
ESTRUCTURA METALICA,ELEMENTOS DE SUJECION,PERNO,ROTO,CONDICION EXTERNA,IMPLEMENTO,F00106
HIDRAULICO,MANGUERAS HIDRAULICAS,MANGUERA 3,ROTO,CONDICION EXTERNA,IMPLEMENTO,F00107
DISCOS,CHUMACERAS,RODAMIENTO 4,TRABADO,CONDICION EXTERNA,IMPLEMENTO,F00108
HIDRAULICO,MOTOR HIDRAULICO,RETEN 3,FUGADO,CONDICION EXTERNA,IMPLEMENTO,F00109
ELECTRICO,TABLERO DE COMANDOS,CABLES,DESCONECTADO,ERROR DE MANTENIMIENTO,IMPLEMENTO,F00110
HIDRAULICO,CILINDRO HIDRAULICO,VASTAGO,DOBLADO,MALA OPERACION,IMPLEMENTO,F00111
ELECTRICO,TABLERO DE COMANDOS,CONECTOR,FLOJO,ERROR DE MANTENIMIENTO,IMPLEMENTO,F00112
ELECTRICO,TABLERO DE COMANDOS,CONECTOR,DESCONECTADO,ERROR DE MANTENIMIENTO,IMPLEMENTO,F00113
DISCOS,CHUMACERAS,RODAMIENTO 3,TRABADO,CONDICION EXTERNA,IMPLEMENTO,F00114
ESTRUCTURA METALICA,TECHO,SOPORTE,FISURADO,CONDICION EXTERNA,IMPLEMENTO,F00115
ELECTRICO,LUCES,FARO PIRATA 1,DESINSTALADO,ERROR DE GESTION,IMPLEMENTO,F00116
TRANSMISION,POLEAS,FAJA 3,ROTO,CONDICION EXTERNA,IMPLEMENTO,F00117
TRANSMISION,POLEAS,FAJA 2,ROTO,CONDICION EXTERNA,IMPLEMENTO,F00118
DISCOS,DISCO,DISCO 3,DESAJUSTADO,ERROR DE MANTENIMIENTO,IMPLEMENTO,F00119
HIDRAULICO,MANGUERAS HIDRAULICAS,MANGUERA 2,ROTO,CONDICION EXTERNA,IMPLEMENTO,F00120
ADMISION,FILTRO DE AIRE,FILTRO PRIMARIO,SUCIO,ERROR DE MANTENIMIENTO,TRACTOR,F00121
TOMA DE FUERZA,PALANCA TDF,PIN,ROTO,DESGASTE ESPERADO,TRACTOR,F00122
ESTRUCTURA METALICA,SOPORTE DE TECHO,PERNO,FLOJO,ERROR DE MANTENIMIENTO,IMPLEMENTO,F00123
TRANSMISION,CAJA MULTIPLICADORA,RODAMIENTO 1,TRABADO,ERROR DE MANTENIMIENTO,IMPLEMENTO,F00124
COMANDO REMOTO,MANGUERAS HIDRAULICAS,MANGUERA 1,ROTO,CONDICION EXTERNA,TRACTOR,F00125
HIDRAULICO,MOTOR HIDRAULICO,MOTOR 2,DESGASTADO,DESGASTE ESPERADO,IMPLEMENTO,F00126
ELECTRICO,TABLERO DE COMANDOS,SWITCH 2,FLOJO,ERROR DE MANTENIMIENTO,IMPLEMENTO,F00127
PLATAFORMA,TECHO,PERNO SUJECION 1,ROTO,ERROR DE MANTENIMIENTO,TRACTOR,F00128
PLATAFORMA,TECHO,PERNO DE SUJECION,ROTO,CONDICION EXTERNA,TRACTOR,F00129
ELECTRICO,ALTERNADOR,ESTATOR,QUEMADO,FALLA EN CASCADA,TRACTOR,F00130
ELECTRICO,BATERIA,ELECTROLITO,DESCARGADO,FALLA EN CASCADA,TRACTOR,F00131
HIDRAULICO,MANGUERAS HIDRAULICAS,MANGUERA 5,ROTO,CONDICION EXTERNA,IMPLEMENTO,F00132
HIDRAULICO,MANGUERAS HIDRAULICAS,MANGUERA 1,ROTO,CONDICION EXTERNA,IMPLEMENTO,F00133
HIDRAULICO,MOTOR HIDRAULICO,RETEN 4,FUGADO,CONDICION EXTERNA,IMPLEMENTO,F00134
PLATAFORMA,TECHO,PERNO SUJECION 2,ROTO,ERROR DE MANTENIMIENTO,TRACTOR,F00135
PLATAFORMA,PISOS METALICOS,ESCALERA,ROTO,CONDICION EXTERNA,TRACTOR,F00136
ELECTRICO,LUCES,FARO,ROTO,CONDICION EXTERNA,IMPLEMENTO,F00137
TRANSMISION,CAJA MULTIPLICADORA,RODAMIENTO 2,TRABADO,ERROR DE MANTENIMIENTO,IMPLEMENTO,F00138
PLATAFORMA,TECHO,TECHO,INSTALADO,ERROR DE GESTION,TRACTOR,F00139
HIDRAULICO,BOMBA DOBLE,ORING,ROTO,DESGASTE ESPERADO,IMPLEMENTO,F00140
ELECTRICO,ELECTROVALVULA,BOBINA,QUEMADO,CONDICION EXTERNA,IMPLEMENTO,F00141
TRANSMISION,PANQUEQUE,EJE ESTRIADO LADO MOTOR,DESGASTADO,DESGASTE ESPERADO,IMPLEMENTO,F00142
ELECTRICO,TABLERO DE COMANDOS,SWITCH 2,DESCONECTADO,ERROR DE MANTENIMIENTO,IMPLEMENTO,F00143
ESTRUCTURA METALICA,TAPA DELANTERA,TAPA DELANTERA,ROTO,CONDICION EXTERNA,IMPLEMENTO,F00144
ELECTRICO,TABLERO DE COMANDOS,SWITCH 1,FLOJO,ERROR DE MANTENIMIENTO,IMPLEMENTO,F00145
ELECTRICO,ARNES ELECTRICO,CABLES,DESCONECTADO,CONDICION EXTERNA,IMPLEMENTO,F00146
REFRIGERACION,MANGUERAS DE REFRIGERANTE,ABRAZADERA 3,DESAJUSTADO,ERROR DE MANTENIMIENTO,TRACTOR,F00147
HIDRAULICO,CILINDRO HIDRAULICO,VASTAGO,DOBLADO,CONDICION EXTERNA,IMPLEMENTO,F00148
HIDRAULICO,MANGUERAS HIDRAULICAS,MANGUERA 1,DESAJUSTADO,ERROR DE MANTENIMIENTO,IMPLEMENTO,F00149
DIRECCION,FILTROS,PROTECTOR DE FILTRO,ROTO,CONDICION EXTERNA,TRACTOR,F00150
ELECTRICO,ARNES ELECTRICO,CABLES,QUEMADO,FALLA EN CASCADA,IMPLEMENTO,F00151
COMBUSTIBLE,CAÑERIAS,VALVULA,ROTO,CONDICION EXTERNA,TRACTOR,F00152
TRANSMISION,POLEAS,FAJA 1,ROTO,CONDICION EXTERNA,IMPLEMENTO,F00153
DISCOS,EVACUADORES DE RAMAS,BOTADORES,DESINSTALADO,ERROR DE GESTION,IMPLEMENTO,F00154
COMBUSTIBLE,CAÑERIAS,VALVULA,DESAJUSTADO,ERROR DE MANTENIMIENTO,TRACTOR,F00155
LUBRICACION,FILTRO DE ACEITE DE MOTOR,FILTRO,DESAJUSTADO,ERROR DE MANTENIMIENTO,TRACTOR,F00156
COMBUSTIBLE,BOMBA DE INYECCION,REGULADOR,DESREGULADO,CONDICION EXTERNA,TRACTOR,F00157
EMPLANCHADOS,CAPOT,MASCARA FRONTAL,ROTO,MALA OPERACION,TRACTOR,F00158
HIDRAULICO,MOTOR HIDRAULICO,RETEN,FUGADO,CONDICION EXTERNA,IMPLEMENTO,F00159
HIDRAULICO,MANGUERAS HIDRAULICAS,MANGUERA 2,DESAJUSTADO,ERROR DE MANTENIMIENTO,IMPLEMENTO,F00160
REFRIGERACION,RELOJ DE TEMPERATURA,RELOJ DE TEMPERATURA,DESGASTADO,DESGASTE ESPERADO,TRACTOR,F00161
COMBUSTIBLE,CAÑERIAS,CONECTOR,ROTO,CONDICION EXTERNA,TRACTOR,F00162
COMBUSTIBLE,FILTROS,PROTECTOR,INSTALADO,ERROR DE GESTION,TRACTOR,F00163
ESTRUCTURA METALICA,ELEMENTOS DE SUJECION,PERNO,DESAJUSTADO,ERROR DE MANTENIMIENTO,IMPLEMENTO,F00164
REFRIGERACION,TERMOSTATO,TERMOSTATO,OBSTRUIDO,FALLA EN CASCADA,TRACTOR,F00165
REFRIGERACION,MANGUERAS DE REFRIGERANTE,MANGUERA INFERIOR,FLOJO,ERROR DE MANTENIMIENTO,TRACTOR,F00166
TRACTOR,TRACTOR,TRACTOR,SUCIO,ERROR DE GESTION,TRACTOR,F00167
IMPLEMENTO,IMPLEMENTO,IMPLEMENTO,SUCIO,ERROR DE GESTION,IMPLEMENTO,F00168
DISCOS,SOPORTE DE DISCOS,PERNOS,FLOJO,ERROR DE MANTENIMIENTO,IMPLEMENTO,F00169
DISCOS,CHUMACERAS,RODAMIENTO 1,TRABADO,CONDICION EXTERNA,IMPLEMENTO,F00170
TRANSMISION,PANQUEQUE,ESTRIADO DE EJE LADO MOTOR,DESGASTADO,DESGASTE ESPERADO,IMPLEMENTO,F00171
HIDRAULICO,MANGUERAS HIDRAULICAS,MANGUERA 4,DESAJUSTADO,ERROR DE MANTENIMIENTO,IMPLEMENTO,F00172
ESTRUCTURA METALICA,ELEMENTOS DE SUJECION,PERNO,DESAJUSTADO,CONDICION EXTERNA,IMPLEMENTO,F00173
HIDRAULICO,ACEITE HIDRAULICO,ACEITE HIDRAULICO,REDUCIDO,ERROR DE MANTENIMIENTO,IMPLEMENTO,F00174
TRANSMISION,CAJA MULTIPLICADORA,PERNO,FLOJO,ERROR DE MANTENIMIENTO,IMPLEMENTO,F00175
DIRECCION,FILTROS,FILTRO SUCCION,ROTO,CONDICION EXTERNA,TRACTOR,F00176
ELECTRICO,LUCES,CONECTOR,SUELTO,ERROR DE MANTENIMIENTO,TRACTOR,F00177
PLATAFORMA,PROTECTOR DE CABINA,MICA,INSTALADO,ERROR DE GESTION,TRACTOR,F00178
TRACTOR,TRACTOR,TRACTOR,REVISADO,ERROR DE GESTION,TRACTOR,F00179
REFRIGERACION,RADIADOR,CELDAS,PICADO,CONDICION EXTERNA,TRACTOR,F00180
TRANSMISION,POLEAS,FAJA 2,DESAJUSTADO,DESGASTE ESPERADO,IMPLEMENTO,F00181
TRANSMISION,CARDAN AGRICOLA,CRUCETA 2,DESGASTADO,ERROR DE MANTENIMIENTO,IMPLEMENTO,F00182
REFRIGERACION,VENTILADOR,MOTOR DE VENTILADOR,QUEMADO,CONDICION EXTERNA,IMPLEMENTO,F00183
HIDRAULICO,MANGUERAS HIDRAULICAS,MANGUERA 5,DESAJUSTADO,ERROR DE MANTENIMIENTO,IMPLEMENTO,F00184
LEVANTE HIDRAULICO,TEMPLADORES LATERALES,PIN,ROTO,DESGASTE ESPERADO,TRACTOR,F00185
COMBUSTIBLE,BOMBA DE INYECCION,CABEZAL,DESGASTADO,DESGASTE ESPERADO,TRACTOR,F00186
COMBUSTIBLE,FILTROS,FILTRO,OBSTRUIDO,FALLA EN CASCADA,TRACTOR,F00187
COMBUSTIBLE,CAÑERIAS,MANGUERA RETORNO,ROTO,CONDICION EXTERNA,TRACTOR,F00188
COMBUSTIBLE,CAÑERIAS,NIPLE,FLOJO,ERROR DE MANTENIMIENTO,TRACTOR,F00189
MOTOR,ADMISION,FILTRO PRIMARIO,OBSTRUIDO,CONDICION EXTERNA,TRACTOR,F00190
ESTRUCTURA METALICA,TECHO,BORDE POSTERIOR,ROTO,MALA OPERACION,IMPLEMENTO,F00191
TOMA DE FUERZA,EMBRAGUE DE TDF,DISCOS,DESGASTADO,DESGASTE ESPERADO,TRACTOR,F00192
TRITURACION,ROTOR,MARTILLOS,DESGASTADO,DESGASTE ESPERADO,IMPLEMENTO,F00193
LEVANTE HIDRAULICO,BRAZOS DE LEVANTE INFERIOR,SEGURO DE BRAZO DERECHO,ROTO,ERROR DE MANTENIMIENTO,TRACTOR,F00194
LEVANTE HIDRAULICO,PALANCAS DE CONTROL,REGULADOR,DESREGULADO,DESGASTE ESPERADO,TRACTOR,F00195
ELECTRICO,CHAPA DE CONTACTO,CONECTOR,SULFATADO,ERROR DE MANTENIMIENTO,TRACTOR,F00196
HIDRAULICO,MANGUERAS HIDRAULICAS,MANGUERA 1,FUGADO,CONDICION EXTERNA,IMPLEMENTO,F00197
DIRECCION,MANGUERAS HIDRAULICAS,CONECTOR,DESAJUSTADO,ERROR DE MANTENIMIENTO,TRACTOR,F00198
COMBUSTIBLE,CAÑERIAS,CAÑERIA 1,OBSTRUIDO,ERROR DE MANTENIMIENTO,TRACTOR,F00199
REFRIGERACION,MANGUERAS DE REFRIGERANTE,ABRAZADERA 1,DESAJUSTADO,ERROR DE MANTENIMIENTO,TRACTOR,F00200
TRITURACION,ROTOR,MARTILLOS,ATASCADO,CONDICION EXTERNA,IMPLEMENTO,F00201
TOMA DE FUERZA,EJE DE TDF,EJE DE TDF,ROTO,MALA OPERACION,TRACTOR,F00202
TRANSMISION,POLEAS,FAJA,DESAJUSTADO,DESGASTE ESPERADO,IMPLEMENTO,F00203
LEVANTE HIDRAULICO,BOMBA HIDRAULICA,BRONCES,DESGASTADO,ERROR DE MANTENIMIENTO,TRACTOR,F00204
ELECTRICO,CHAPA DE LUCES,CONECTOR,SULFATADO,ERROR DE MANTENIMIENTO,TRACTOR,F00205
LEVANTE HIDRAULICO,CILINDRO HIDRAULICO,SELLOS,DESGASTADO,ERROR DE MANTENIMIENTO,TRACTOR,F00206
LEVANTE HIDRAULICO,TEMPLADORES LATERALES,TEMPLADOR DERECHO,ROTO,ERROR DE MANTENIMIENTO,TRACTOR,F00207
TRANSMISION,CARDAN AGRICOLA,CRUCETA 2,ROTO,MALA OPERACION,IMPLEMENTO,F00208
EMBRAGUE,VARILLAJE DE FRENOS,REGULADOR,DESREGULADO,DESGASTE ESPERADO,TRACTOR,F00209
TRITURACION,ROTOR,CHUMACERA 1,DESGASTADO,DESGASTE ESPERADO,IMPLEMENTO,F00210
TRANSMISION,POLEAS,PERNO DE TAPA,ROTO,CONDICION EXTERNA,IMPLEMENTO,F00211
TRANSMISION,CAJA MULTIPLICADORA,RODAMIENTO 1,TRABADO,DESGASTE ESPERADO,IMPLEMENTO,F00212
FRENOS,VARILLAJE DE FRENOS,REGULADOR,DESAJUSTADO,ERROR DE MANTENIMIENTO,TRACTOR,F00213
LEVANTE HIDRAULICO,BRAZOS DE LEVANTE INFERIOR,SEGURO DE BRAZO IZQUIERDO,ROTO,ERROR DE MANTENIMIENTO,TRACTOR,F00214
ELECTRICO,ALTERNADOR,FAJA,ROTO,ERROR DE MANTENIMIENTO,TRACTOR,F00215
ESTRUCTURA METALICA,CHASIS,PLANCHA SUPERIOR,RAJADO,CONDICION EXTERNA,IMPLEMENTO,F00216
DIRECCION,BOMBA HIDRAULICA,RETEN,FUGADO,DESGASTE ESPERADO,TRACTOR,F00217
LUBRICACION,FILTRO DE ACEITE DE MOTOR,FILTRO,ROTO,CONDICION EXTERNA,TRACTOR,F00218
TOMA DE FUERZA,PALANCA TDF,PIN,ROTO,MALA OPERACION,TRACTOR,F00219
LUBRICACION,FILTRO DE ACEITE DE MOTOR,BASE,ROTO,CONDICION EXTERNA,TRACTOR,F00220
LEVANTE HIDRAULICO,TEMPLADORES LATERALES,REGULADOR DERECHO,DESAJUSTADO,ERROR DE MANTENIMIENTO,TRACTOR,F00221
MOTOR,ESCAPE,TUBO DE ESCAPE,ROTO,CONDICION EXTERNA,TRACTOR,F00222
LEVANTE HIDRAULICO,TEMPLADORES LATERALES,REGULADOR IZQUIERDO,ROTO,MALA OPERACION,TRACTOR,F00223
DIRECCION,BOMBA HIDRAULICA,CONECTOR,ROTO,CONDICION EXTERNA,TRACTOR,F00224
LUBRICACION,ACEITE DE MOTOR,ACEITE DE MOTOR,REDUCIDO,ERROR DE MANTENIMIENTO,TRACTOR,F00225
TRANSMISION,POLEAS,FAJA,ROTO,CONDICION EXTERNA,IMPLEMENTO,F00226
LEVANTE HIDRAULICO,REGULADOR TERCER PUNTO,REGULADOR,TRABADO,ERROR DE MANTENIMIENTO,TRACTOR,F00227
LEVANTE HIDRAULICO,PALANCAS DE CONTROL,SEGURO,ROTO,ERROR DE MANTENIMIENTO,TRACTOR,F00228
ACELERACION,VARILLAJE DE ACELERACION,CABLE DE APAGADOR,ROTO,DESGASTE ESPERADO,TRACTOR,F00229
HIDRAULICO,CILINDRO HIDRAULICO,CONECTOR,FLOJO,ERROR DE MANTENIMIENTO,IMPLEMENTO,F00230
ESTRUCTURA METALICA,CHASIS,PERNO DE TAPA,ROTO,CONDICION EXTERNA,IMPLEMENTO,F00231
HIDRAULICO,CILINDRO HIDRAULICO,CAÑERIA 1,ROTO,CONDICION EXTERNA,IMPLEMENTO,F00232
TRITURACION,ROTOR,PERNO DE MARTILLO,ROTO,CONDICION EXTERNA,IMPLEMENTO,F00233
TRITURACION,ROTOR,PERNO DE MARTILLO,DESAJUSTADO,CONDICION EXTERNA,IMPLEMENTO,F00234
TRANSMISION,CAJA MULTIPLICADORA,PERNO DE SUJECION,DESAJUSTADO,ERROR DE MANTENIMIENTO,IMPLEMENTO,F00235
DIRECCION,BOMBA HIDRAULICA,CARCASA EXTERIOR,DESGASTADO,DESGASTE ESPERADO,TRACTOR,F00236
ELECTRICO,CHAPA DE CONTACTO,CONTACTOS,QUEMADO,DESGASTE ESPERADO,TRACTOR,F00237
ESTRUCTURA METALICA,CHASIS,PATINES LATERALES,DESGASTADO,DESGASTE ESPERADO,IMPLEMENTO,F00238
ELECTRICO,ARRANCADOR,CARBONES,DESGASTADO,DESGASTE ESPERADO,TRACTOR,F00239
ESTRUCTURA METALICA,CHASIS,PLANCHA POSTERIOR,RAJADO,CONDICION EXTERNA,IMPLEMENTO,F00240
LEVANTE HIDRAULICO,REGULADOR TERCER PUNTO,REGULADOR,DESREGULADO,ERROR DE MANTENIMIENTO,TRACTOR,F00241
TRANSMISION,CARDAN AGRICOLA,PIN SEGURO,ROTO,CONDICION EXTERNA,IMPLEMENTO,F00242
COMBUSTIBLE,TANQUE,TAPA,ROTO,MALA OPERACION,TRACTOR,F00243
REFRIGERACION,BOMBA DE AGUA,SELLO MECANICO,DESGASTADO,DESGASTE ESPERADO,TRACTOR,F00244
ELECTRICO,ARNES ELECTRICO,CONECTOR,DESCONECTADO,ERROR DE MANTENIMIENTO,TRACTOR,F00245
TRITURACION,ROTOR,MARTILLOS,ROTO,CONDICION EXTERNA,IMPLEMENTO,F00246
AGROQUIMICO,BOMBA BARNES,SELLO MECANICO,ROTO,ERROR DE MANTENIMIENTO,IMPLEMENTO,F00247
AGROQUIMICO,COMANDO,REGULADOR,DESGASTADO,DESGASTE ESPERADO,IMPLEMENTO,F00248
ACELERACION,VARILLAJE DE ACELERACION,CABLE,ROTO,DESGASTE ESPERADO,TRACTOR,F00249
HIDRAULICO,BLOQUE HIDRAULICO PRINCIPAL,REGULADOR,DESAJUSTADO,ERROR DE MANTENIMIENTO,IMPLEMENTO,F00250
TRANSMISION,CARDAN AGRICOLA,CRUCETA,DESGASTADO,DESGASTE ESPERADO,IMPLEMENTO,F00251
RUEDAS,NEUMATICOS POSTERIORES,LLANTA DERECHA,ATOLLADO,CONDICION EXTERNA,TRACTOR,F00252
ELECTRICO,ELECTROVALVULAS AGROQUIMICOS,ELECTROVALVULA IZQUIERDA,QUEMADO,CONDICION EXTERNA,IMPLEMENTO,F00253
LEVANTE HIDRAULICO,TEMPLADORES LATERALES,TEMPLADOR IZQUIERDO,ROTO,MAL USO,TRACTOR,F00254
ELECTRICO,ELECTROVALVULAS AGROQUIMICOS,ELECTROVALVULA DERECHA,DESCONECTADO,ERROR DE MANTENIMIENTO,IMPLEMENTO,F00255
ESTRUCTURA METALICA,CHASIS,SOPORTE DE COMANDO,ROTO,CONDICION EXTERNA,IMPLEMENTO,F00256
AGROQUIMICO,BOMBA BARNES,SELLO MECANICO,ROTO,DESGASTE ESPERADO,IMPLEMENTO,F00257
AGROQUIMICO,MANGUERAS DE AGROQUIMICOS,MANGUERA 1,ROTO,ERROR DE MANTENIMIENTO,IMPLEMENTO,F00258
ELECTRICO,ELECTROVALVULAS AGROQUIMICOS,ELECTROVALVULA DERECHA,QUEMADO,CONDICION EXTERNA,IMPLEMENTO,F00259
RUEDAS,NEUMATICOS POSTERIORES,LLANTA IZQUIERDA,ATOLLADO,CONDICION EXTERNA,TRACTOR,F00260
AGROQUIMICO,TANQUE,TANQUE,ROTO,CONDICION EXTERNA,IMPLEMENTO,F00261
ESTRUCTURA METALICA,AGUILONES,PERNO DE SUJECION 1,ROTO,CONDICION EXTERNA,IMPLEMENTO,F00262
AGROQUIMICO,MANGUERAS DE AGROQUIMICOS,MANGUERA 2,ROTO,CONDICION EXTERNA,IMPLEMENTO,F00263
ESTRUCTURA METALICA,TORRE,TEMPLADOR DERECHO,FRACTURADO,CONDICION EXTERNA,IMPLEMENTO,F00264
VENTILACION,MOTOR HIDRAULICO,RETEN DE MOTOR 1,FUGADO,DESGASTE ESPERADO,IMPLEMENTO,F00265
LEVANTE HIDRAULICO,REGULADORES VERTICALES,REGULADOR DERECHO,ROTO,MALA OPERACION,TRACTOR,F00266
TRANSMISION,CARDAN AGRICOLA,CRUCETA,DESGASTADO,ERROR DE MANTENIMIENTO,IMPLEMENTO,F00267
TRANSMISION,TURBINA,PALETAS,ROTO,CONDICION EXTERNA,IMPLEMENTO,F00268
TOMA DE FUERZA,EJE DE TDF,EJE,ROTO,MALA OPERACION,TRACTOR,F00269
TRANSMISION,CARDAN AGRICOLA,CRUCETA 1,DESGASTADO,DESGASTE ESPERADO,IMPLEMENTO,F00270
ELECTRICO,ARRANCADOR,SOLENOIDE,QUEMADO,DESGASTE ESPERADO,TRACTOR,F00271
VENTILACION,MOTOR HIDRAULICO,RETEN DE MOTOR 2,FUGADO,DESGASTE ESPERADO,IMPLEMENTO,F00272
VENTILACION,SOPORTE DE BOOM,PERNO DE SUJECION 3,ROTO,ERROR DE MANTENIMIENTO,IMPLEMENTO,F00273
VENTILACION,MOTOR HIDRAULICO,RETEN DE MOTOR 3,FUGADO,DESGASTE ESPERADO,IMPLEMENTO,F00274
AGROQUIMICO,FILTROS,FILTRO,ROTO,ERROR DE MANTENIMIENTO,IMPLEMENTO,F00275
ESTRUCTURA METALICA,MASTIL,TUBO,DOBLADO,CONDICION EXTERNA,IMPLEMENTO,F00276
TRANSMISION,CAJA MULTIPLICADORA,EJE ESTRIADO,DESGASTADO,DESGASTE ESPERADO,IMPLEMENTO,F00277
RUEDAS,NEUMATICOS POSTERIORES,LLANTA DERECHA,ATOLLADO,CONDICION EXTERNA,IMPLEMENTO,F00278
ELECTRICO,TABLERO DE COMANDOS,FUSIBLE 1,QUEMADO,ERROR DE MANTENIMIENTO,IMPLEMENTO,F00279
TRANSMISION,ACEITE HIDRAULICO,ACEITE HIDRAULICO,REDUCIDO,FALLA EN CASCADA,TRACTOR,F00280
RUEDAS,NEUMATICOS POSTERIORES,LLANTA IZQUIERDA,ATOLLADO,CONDICION EXTERNA,IMPLEMENTO,F00281
VENTILACION,SOPORTE DE VENTILADOR 2,RODAMIENTO 2,DESGASTADO,ERROR DE MANTENIMIENTO,IMPLEMENTO,F00282
COMBUSTIBLE,CAÑERIAS,CONECTOR,FLOJO,ERROR DE MANTENIMIENTO,TRACTOR,F00283
TRANSMISION,CAJA MULTIPLICADORA,CARCASA EXTERIOR,RAJADO,ERROR DE MANTENIMIENTO,IMPLEMENTO,F00284
ELECTRICO,TABLERO DE COMANDOS,SWITCH DE ENCENDIDO,QUEMADO,CONDICION EXTERNA,IMPLEMENTO,F00285
AGROQUIMICO,MANGUERAS DE AGROQUIMICOS,MANGUERA 1,ROTO,CONDICION EXTERNA,IMPLEMENTO,F00286
VENTILACION,SOPORTE DE VENTILADOR 2,RODAMIENTO 1,DESGASTADO,ERROR DE MANTENIMIENTO,IMPLEMENTO,F00287
ELECTRICO,BATERIA,BORNES,SULFATADO,ERROR DE MANTENIMIENTO,TRACTOR,F00288
AGROQUIMICO,COMANDO,CONECTOR,FLOJO,ERROR DE MANTENIMIENTO,IMPLEMENTO,F00289
VENTILACION,SOPORTE DE VENTILADOR 1,RODAMIENTO 1,DESGASTADO,ERROR DE MANTENIMIENTO,IMPLEMENTO,F00290
TRANSMISION,TURBINA,ENCROCHE,DESCONECTADO,ERROR DE MANTENIMIENTO,IMPLEMENTO,F00291
TRANSMISION,POLEAS DELANTERAS,FAJA 1,ROTO,DESGASTE ESPERADO,IMPLEMENTO,F00292
ESTRUCTURA METALICA,CHASIS,TAPA BARROS,ROTO,CONDICION EXTERNA,IMPLEMENTO,F00293
HIDRAULICO,BOMBA DOBLE,CUERPO EXTERNO,DESGASTADO,DESGASTE ESPERADO,IMPLEMENTO,F00294
AGROQUIMICO,MANGUERAS DE AGROQUIMICOS,MANGUERA 5,ROTO,ERROR DE MANTENIMIENTO,IMPLEMENTO,F00295
TRANSMISION,CARDAN AGRICOLA,TUBO HEMBRA,ROTO,MALA OPERACION,IMPLEMENTO,F00296
DIRECCION,FILTROS,FILTRO DE SUCCION,ROTO,CONDICION EXTERNA,TRACTOR,F00297
HIDRAULICO,MANGUERAS HIDRAULICAS,MANGUERA 6,ROTO,CONDICION EXTERNA,IMPLEMENTO,F00298
VENTILACION,MOTOR HIDRAULICO,RETEN DE MOTOR 4,FUGADO,DESGASTE ESPERADO,IMPLEMENTO,F00299
DIRECCION,FILTROS,FILTRO DE RETORNO,DESAJUSTADO,ERROR DE MANTENIMIENTO,TRACTOR,F00300
AGROQUIMICO,MANGUERAS DE AGROQUIMICOS,MANGUERA 3,ROTO,ERROR DE MANTENIMIENTO,IMPLEMENTO,F00301
ESTRUCTURA METALICA,AGUILONES,PERNO DE SUJECION 2,DESAJUSTADO,CONDICION EXTERNA,IMPLEMENTO,F00302
AGROQUIMICO,MANGUERAS DE AGROQUIMICOS,MANGUERA 3,ROTO,CONDICION EXTERNA,IMPLEMENTO,F00303
VENTILACION,SOPORTE DE VENTILADOR 1,RODAMIENTO 2,DESGASTADO,ERROR DE MANTENIMIENTO,IMPLEMENTO,F00304
SEGURIDAD,ESPEJOS RETROVISORES,ESPEJO DERECHO,DESAJUSTADO,ERROR DE MANTENIMIENTO,TRACTOR,F00305
RUEDAS,BOCAMASAS,TUERCA,DESAJUSTADO,ERROR DE MANTENIMIENTO,IMPLEMENTO,F00306
HIDRAULICO,MOTOR HIDRAULICO,MOTOR 3,DESGASTADO,DESGASTE ESPERADO,IMPLEMENTO,F00307
VENTILACION,TOBERAS,MANITO 4,ROTO,CONDICION EXTERNA,IMPLEMENTO,F00308
ELECTRICO,ARRANCADOR,CABLE,DESCONECTADO,ERROR DE MANTENIMIENTO,TRACTOR,F00309
VENTILACION,SOPORTE DE VENTILADOR 3,RODAMIENTO 1,DESGASTADO,ERROR DE MANTENIMIENTO,IMPLEMENTO,F00310
AGROQUIMICO,CABLES,CABLE 1,ROTO,DESGASTE ESPERADO,IMPLEMENTO,F00311
VENTILACION,BOOM,VENTILADOR 3,ROTO,CONDICION EXTERNA,IMPLEMENTO,F00312
VENTILACION,MOTOR HIDRAULICO,RETEN 1,FUGADO,DESGASTE ESPERADO,IMPLEMENTO,F00313
HIDRAULICO,MANGUERAS HIDRAULICAS,MANGUERA 4,ROTO,CONDICION EXTERNA,IMPLEMENTO,F00314
TRANSMISION,TURBINA,ENCROCHE,DESCONECTADO,ERROR DE GESTION,IMPLEMENTO,F00315
TRANSMISION,CARDAN AGRICOLA,TUBO HEMBRA,ROTO,MAL USO,IMPLEMENTO,F00316
ESTRUCTURA METALICA,CHASIS,TUBO,FRACTURADO,CONDICION EXTERNA,IMPLEMENTO,F00317
VENTILACION,BOOM,VENTILADOR 2,ROTO,CONDICION EXTERNA,IMPLEMENTO,F00318
VENTILACION,BOOM,VENTILADOR 1,ROTO,CONDICION EXTERNA,IMPLEMENTO,F00319
ELECTRICO,CHAPA DE CONTACTO,CONECTOR,SULFATADO,CONDICION EXTERNA,TRACTOR,F00320
VENTILACION,SOPORTE DE BOOM,PERNO DE SUEJCION 3,DESAJUSTADO,ERROR DE MANTENIMIENTO,IMPLEMENTO,F00321
TRANSMISION,POLEAS POSTERIOR,FAJA 1,ROTO,DESGASTE ESPERADO,IMPLEMENTO,F00322
ESTRUCTURA METALICA,AGUILONES,BRAZO IZQUIERDO,DOBLADO,CONDICION EXTERNA,IMPLEMENTO,F00323
ESTRUCTURA METALICA,CHASIS,TUBO,RAJADO,CONDICION EXTERNA,IMPLEMENTO,F00324
AGROQUIMICO,BOMBA JACTO,PISTON 3,RAYADO,ERROR DE MANTENIMIENTO,IMPLEMENTO,F00325
AGROQUIMICO,PALANCAS DE ACCIONAMIENTO,PALANCA 2,ROTO,MALA OPERACION,IMPLEMENTO,F00326
ELECTRICO,SWITCH DE FRENO,SWITCH DE FRENO,QUEMADO,DESGASTE ESPERADO,TRACTOR,F00327
TRANSMISION,POLEAS DELANTERAS,POLEA,DESAJUSTADO,ERROR DE MANTENIMIENTO,IMPLEMENTO,F00328
COMANDO REMOTO,MANGUERAS HIDRAULICAS,MANGUERA 1,FUGADO,DESGASTE ESPERADO,TRACTOR,F00329
SEGURIDAD,ESPEJOS RETROVISORES,ESPEJO IZQUIERDO,DESAJUSTADO,ERROR DE MANTENIMIENTO,TRACTOR,F00330
ELECTRICO,RELOJ DE TEMPERATURA,RELOJ DE TEMPERATURA,QUEMADO,DESGASTE ESPERADO,TRACTOR,F00331
ELECTRICO,CAJA DE FUSIBLES,FUSIBLE,QUEMADO,FALLA EN CASCADA,TRACTOR,F00332
ELECTRICO,ARNES ELECTRICO,CABLES,CORTOCIRCUITADO,ERROR DE MANTENIMIENTO,TRACTOR,F00333
AGROQUIMICO,CONJUNTO DE BOQUILLAS,BOQUILLAS,DESCONFIGURADO,ERROR DE GESTION,IMPLEMENTO,F00334
VENTILACION,SOPORTE DE VENTILADOR 3,RODAMIENTO 2,DESGASTADO,ERROR DE MANTENIMIENTO,IMPLEMENTO,F00335
AGROQUIMICO,BOMBA CENTRIFUGA,SELLO MECANICO,DESGASTADO,DESGASTE ESPERADO,IMPLEMENTO,F00336
AGROQUIMICO,BOMBA CENTRIFUGA,RODAMIENTO 2,TRABADO,ERROR DE MANTENIMIENTO,IMPLEMENTO,F00337
AGROQUIMICO,CONJUNTO DE BOQUILLAS,PORTABOQUILLA 3,ROTO,CONDICION EXTERNA,IMPLEMENTO,F00338
AGROQUIMICO,MANGUERAS DE AGROQUIMICOS,MANGUERA 2,ROTO,ERROR DE MANTENIMIENTO,IMPLEMENTO,F00339
ELECTRICO,LUCES,FARO,ROTO,CONDICION EXTERNA,TRACTOR,F00340
ELECTRICO,TABLERO DE COMANDOS,ENCHUFE ELECTRICO,FLOJO,ERROR DE MANTENIMIENTO,IMPLEMENTO,F00341
AGROQUIMICO,BOMBA BARNES,SELLO MECANICO,DESGASTADO,DESGASTE ESPERADO,IMPLEMENTO,F00342
AGROQUIMICO,BOMBA BERTOLINI,MEMBRANA 3,DESGASTADO,DESGASTE ESPERADO,IMPLEMENTO,F00343
PLATAFORMA,TECHO,BRAZO DERECHO,ROTO,CONDICION EXTERNA,TRACTOR,F00344
HIDRAULICO,FILTROS,FILTRO 1,ROTO,CONDICION EXTERNA,IMPLEMENTO,F00345
ESTRUCTURA METALICA,AGUILONES,BRAZO DERECHO,DOBLADO,CONDICION EXTERNA,IMPLEMENTO,F00346
ELECTRICO,ELECTROVALVULAS AGROQUIMICOS,SOCKET DE BOBINA,FLOJO,ERROR DE MANTENIMIENTO,IMPLEMENTO,F00347
ELECTRICO,ARNES ELECTRICO,CABLES,DESCONECTADO,ERROR DE MANTENIMIENTO,TRACTOR,F00348
ACELERACION,ACELERADOR DE MANO,PIN,ROTO,DESGASTE ESPERADO,TRACTOR,F00349
ESTRUCTURA METALICA,AGUILONES,PERNO,DESAJUSTADO,ERROR DE MANTENIMIENTO,IMPLEMENTO,F00350
ELECTRICO,ALTERNADOR,COLECTOR,DESGASTADO,DESGASTE ESPERADO,TRACTOR,F00351
ELECTRICO,ARNES ELECTRICO,CABLE,DESCONECTADO,ERROR DE MANTENIMIENTO,IMPLEMENTO,F00352
AGROQUIMICO,MANGUERAS DE AGROQUIMICOS,MANGUERA 5,FUGADO,CONDICION EXTERNA,IMPLEMENTO,F00353
VENTILACION,BOOM,ABRAZADERA,DAÑADO,ERROR DE MANTENIMIENTO,IMPLEMENTO,F00354
VENTILACION,MOTOR HIDRAULICO,PERNO SUJECION 3,ROTO,ERROR DE MANTENIMIENTO,IMPLEMENTO,F00355
EMPLANCHADOS,CAPOT,SEGURO,ROTO,DESGASTE ESPERADO,TRACTOR,F00356
ELECTRICO,PEDAL DE ACELERACION,PEDAL DE ACELERACION,DESCONECTADO,FALLA EN CASCADA,TRACTOR,F00357
VENTILACION,MOTOR HIDRAULICO,MOTOR 3,DESGASTADO,DESGASTE ESPERADO,IMPLEMENTO,F00358
ACELERACION,ACELERADOR DE MANO,CABLE,ROTO,DESGASTE ESPERADO,TRACTOR,F00359
SEGURIDAD,ESPEJOS RETROVISORES,ESPEJO DERECHO,ROTO,MALA OPERACION,TRACTOR,F00360
ESTRUCTURA METALICA,SOPORTE DE MASTIL,PERNO DE CHUMACERA,ROTO,ERROR DE MANTENIMIENTO,IMPLEMENTO,F00361
LEVANTE HIDRAULICO,TEMPLADORES LATERALES,TEMPLADOR DERECHO,ROTO,MAL USO,TRACTOR,F00362
TRANSMISION,CARDAN AGRICOLA,CRUCETA,ROTO,MALA OPERACION,IMPLEMENTO,F00363
VENTILACION,MANGUERAS DE AIRE,ABRAZADERA,DESGASTADO,ERROR DE MANTENIMIENTO,IMPLEMENTO,F00364
AGROQUIMICO,BOMBA JACTO,RODAMIENTO TRASERO,TRABADO,ERROR DE MANTENIMIENTO,IMPLEMENTO,F00365
RUEDAS,BOCAMASAS,RODAMIENTO DERECHO,TRABADO,DESGASTE ESPERADO,IMPLEMENTO,F00366
AGROQUIMICO,CONJUNTO DE BOQUILLAS,PORTABOQUILLA 6,ROTO,CONDICION EXTERNA,IMPLEMENTO,F00367
LEVANTE HIDRAULICO,REGULADOR TERCER PUNTO,REGULADOR,ATASCADO,ERROR DE MANTENIMIENTO,TRACTOR,F00368
ESTRUCTURA METALICA,AGUILONES,BRAZO DERECHO,ROTO,CONDICION EXTERNA,IMPLEMENTO,F00369
COMBUSTIBLE,CAÑERIAS,CAÑERIA 1,OBSTRUIDO,FALLA EN CASCADA,TRACTOR,F00370
LEVANTE HIDRAULICO,REGULADOR TERCER PUNTO,REGULADOR,DESGASTADO,DESGASTE ESPERADO,TRACTOR,F00371
AGROQUIMICO,BOMBA BERTOLINI,CARCASA EXTERIOR,ROTO,CONDICION EXTERNA,IMPLEMENTO,F00372
AGROQUIMICO,BOMBA BERTOLINI,MEMBRANA 2,DESGASTADO,DESGASTE ESPERADO,IMPLEMENTO,F00373
HIDRAULICO,FILTROS,FILTRO 1,DESAJUSTADO,ERROR DE MANTENIMIENTO,IMPLEMENTO,F00374
VENTILACION,DIFUSOR,CODO DE DIFUSOR,ROTO,CONDICION EXTERNA,IMPLEMENTO,F00375
AGROQUIMICO,CAÑERIAS DE AGROQUIMICOS,NIPLE DE MANOMETRO,ROTO,CONDICION EXTERNA,IMPLEMENTO,F00376
AGROQUIMICO,BOMBA CENTRIFUGA,RODAMIENTO 1,TRABADO,ERROR DE MANTENIMIENTO,IMPLEMENTO,F00377
HIDRAULICO,BLOQUE HIDRAULICO SECUNDARIO,REGULADOR,DESREGULADO,ERROR DE MANTENIMIENTO,IMPLEMENTO,F00378
COMBUSTIBLE,CAÑERIAS,CAÑERIA 2,OBSTRUIDO,FALLA EN CASCADA,TRACTOR,F00379
AGROQUIMICO,MANGUERAS DE AGROQUIMICOS,MANGUERAS,MODIFICADO,ERROR DE GESTION,IMPLEMENTO,F00380
AGROQUIMICO,BOMBA JACTO,VALVULA,ATASCADO,CONDICION EXTERNA,IMPLEMENTO,F00381
AGROQUIMICO,BOMBA BERTOLINI,MEMBRANA 1,DESGASTADO,DESGASTE ESPERADO,IMPLEMENTO,F00382
AGROQUIMICO,TANQUE,CODO 1,ROTO,CONDICION EXTERNA,IMPLEMENTO,F00383
LEVANTE HIDRAULICO,TEMPLADORES LATERALES,TEMPLADOR IZQUIERDO,ROTO,ERROR DE MANTENIMIENTO,TRACTOR,F00384
ESTRUCTURA METALICA,TORRE,PERNO,ROTO,ERROR DE MANTENIMIENTO,IMPLEMENTO,F00385
ESTRUCTURA METALICA,AGUILONES,BRAZO IZQUIERDO,ROTO,CONDICION EXTERNA,IMPLEMENTO,F00386
HIDRAULICO,CILINDRO HIDRAULICO,VASTAGO 3,DOBLADO,CONDICION EXTERNA,IMPLEMENTO,F00387
REFRIGERACION,RADIADOR,ABRAZADERA 3,FLOJO,ERROR DE MANTENIMIENTO,TRACTOR,F00388
VENTILACION,TURBINA,ENCROCHE,DESCONECTADO,ERROR DE GESTION,IMPLEMENTO,F00389
LEVANTE HIDRAULICO,TEMPLADORES LATERALES,PIN,DESGASTADO,DESGASTE ESPERADO,TRACTOR,F00390
ESTRUCTURA METALICA,SOPORTE DE MASTIL,PERNO DE CHUMACERA,DESAJUSTADO,ERROR DE MANTENIMIENTO,IMPLEMENTO,F00391
TRANSMISION,TREN DE MARCHAS,EJE PROPULSOR,DESGASTADO,DESGASTE ESPERADO,TRACTOR,F00392
ELECTRICO,HOROMETRO,HOROMETRO,DESCONECTADO,ERROR DE MANTENIMIENTO,TRACTOR,F00393
DIRECCION,ARTICULACIONES,BRAZO IZQUIERDO,ROTO,DESGASTE ESPERADO,TRACTOR,F00394
ESTRUCTURA METALICA,TORRE,TEMPLADOR IZQUIERDO,FRACTURADO,CONDICION EXTERNA,IMPLEMENTO,F00395
RUEDAS,NEUMATICOS POSTERIORES,TUERCA,DESAJUSTADO,ERROR DE MANTENIMIENTO,TRACTOR,F00396
LEVANTE HIDRAULICO,REGULADORES VERTICALES,REGULADOR DERECHO,DESREGULADO,ERROR DE MANTENIMIENTO,TRACTOR,F00397
ELECTRICO,LUCES,FLASHER,DESCONECTADO,DESGASTE ESPERADO,TRACTOR,F00398
RUEDAS,TREN DE RUEDAS,MUÑON DERECHO,FRACTURADO,CONDICION EXTERNA,IMPLEMENTO,F00399
TRANSMISION,CAJA MULTIPLICADORA,RETEN 1,FUGADO,DESGASTE ESPERADO,IMPLEMENTO,F00400
VENTILACION,VENTILADOR,BASE DE ENVOLVENTE,ROTO,CONDICION EXTERNA,IMPLEMENTO,F00401
LEVANTE HIDRAULICO,TEMPLADORES LATERALES,TEMPLADOR IZQUIERDO,DESREGULADO,ERROR DE MANTENIMIENTO,TRACTOR,F00402
LEVANTE HIDRAULICO,REGULADORES VERTICALES,REGULADOR IZQUIERDO,ROTO,MALA OPERACION,TRACTOR,F00403
ELECTRICO,ELECTROVALVULAS AGROQUIMICOS,ELECTROVALVULA IZQUIERDA,DESCONECTADO,ERROR DE MANTENIMIENTO,IMPLEMENTO,F00404
ELECTRICO,BLOQUE HIDRAULICO,CARCASA EXTERIOR,RAJADO,CONDICION EXTERNA,IMPLEMENTO,F00405
AGROQUIMICO,CONJUNTO DE BOQUILLAS,PORTABOQUILLA 4,ROTO,CONDICION EXTERNA,IMPLEMENTO,F00406
AGROQUIMICO,FILTROS,ORING,ROTO,CONDICION EXTERNA,IMPLEMENTO,F00407
DIRECCION,BOMBA HIDRAULICA,CONECTOR,FLOJO,ERROR DE MANTENIMIENTO,TRACTOR,F00408
HIDRAULICO,BLOQUE PRINCIPAL,CONECTOR P,AGRIETADO,CONDICION EXTERNA,IMPLEMENTO,F00409
COMANDO REMOTO,BLOQUE HIDRAULICO,ACOPLADOR HEMBRA,FUGADO,DESGASTE ESPERADO,TRACTOR,F00410
TIRO,BARRA DE TIRO,PIN,FLOJO,ERROR DE MANTENIMIENTO,TRACTOR,F00411
AGROQUIMICO,BOMBA BERTOLINI,ORING,ROTO,CONDICION EXTERNA,IMPLEMENTO,F00412
ELECTRICO,ARNES ELECTRICO,ENCHUFE 1,FLOJO,ERROR DE MANTENIMIENTO,IMPLEMENTO,F00413
REFRIGERACION,REFRIGERANTE,REFRIGERANTE,REDUCIDO,FALLA EN CASCADA,TRACTOR,F00414
COMBUSTIBLE,MANGUERA DE RETORNO,CONECTOR,FUGADO,ERROR DE MANTENIMIENTO,TRACTOR,F00415
COMBUSTIBLE,BOMBA DE INYECCION,SOLENOIDE,QUEMADO,DESGASTE ESPERADO,TRACTOR,F00416
TRANSMISION,POLEAS POSTERIOR,CHAVETA,DESAJUSTADO,ERROR DE MANTENIMIENTO,IMPLEMENTO,F00417
AGROQUIMICO,CAÑERIAS DE AGROQUIMICOS,BAJANTE DERECHO,ROTO,MALA OPERACION,IMPLEMENTO,F00418
HIDRAULICO,CILINDRO HIDRAULICO,CONTRATUERCA,FLOJO,ERROR DE MANTENIMIENTO,IMPLEMENTO,F00419
ELECTRICO,ELECTROVALVULAS AGROQUIMICOS,CONECTOR,DESCONECTADO,ERROR DE MANTENIMIENTO,IMPLEMENTO,F00420
LEVANTE HIDRAULICO,TEMPLADORES LATERALES,TEMPLADORES,DESAJUSTADO,ERROR DE MANTENIMIENTO,TRACTOR,F00421
VENTILACION,MOTOR HIDRAULICO,RETEN 3,FUGADO,ERROR DE MANTENIMIENTO,IMPLEMENTO,F00422
VENTILACION,MOTOR HIDRAULICO,RETEN 2,FUGADO,ERROR DE MANTENIMIENTO,IMPLEMENTO,F00423
AGROQUIMICO,TANQUE,ABRAZADERA,ROTO,FALLA EN CASCADA,IMPLEMENTO,F00424
AGROQUIMICO,CAÑERIAS DE AGROQUIMICOS,LLAVE DE BOLA,DESGASTADO,DESGASTE ESPERADO,IMPLEMENTO,F00425
AGROQUIMICO,FILTRO DE AGROQUIMICOS,CARTUCHO,ROTO,DESGASTE ESPERADO,IMPLEMENTO,F00426
ELECTRICO,BLOQUE HIDRAULICO,ORING,ROTO,DESGASTE ESPERADO,IMPLEMENTO,F00427
ACELERACION,PEDAL DE ACELERACION,REGULADOR,DESREGULADO,DESGASTE ESPERADO,TRACTOR,F00428
AGROQUIMICO,BOMBA BERTOLINI,PERNO DE SUJECION 1,DESAJUSTADO,CONDICION EXTERNA,IMPLEMENTO,F00429
VENTILACION,MANGUERAS DE AIRE,MANGUERA 1,ROTO,CONDICION EXTERNA,IMPLEMENTO,F00430
TRANSMISION,CAJA MULTIPLICADORA,RETEN 2,FUGADO,DESGASTE ESPERADO,IMPLEMENTO,F00431
VENTILACION,TURBINA,ENCROCHE,DESACOPLADO,ERROR DE GESTION,IMPLEMENTO,F00432
LEVANTE HIDRAULICO,REGULADORES VERTICALES,TUERCA DERECHA,FLOJO,ERROR DE MANTENIMIENTO,TRACTOR,F00433
LEVANTE HIDRAULICO,TEMPLADORES LATERALES,TEMPLADOR DERECHO,DESREGULADO,ERROR DE MANTENIMIENTO,TRACTOR,F00434
AGROQUIMICO,MANGUERAS DE AGROQUIMICOS,MANGUERA 4,ROTO,CONDICION EXTERNA,IMPLEMENTO,F00435
ELECTRICO,ELECTROVALVULAS AGROQUIMICOS,BOBINA 2,DESCONECTADO,ERROR DE MANTENIMIENTO,IMPLEMENTO,F00436
VENTILACION,MOTOR HIDRAULICO,RETEN 1,FUGADO,ERROR DE MANTENIMIENTO,IMPLEMENTO,F00437
COMBUSTIBLE,TANQUE,GRIFO,DESGASTADO,DESGASTE ESPERADO,TRACTOR,F00438
ELECTRICO,ELECTROVALVULAS AGROQUIMICOS,CONECTOR,FLOJO,ERROR DE MANTENIMIENTO,IMPLEMENTO,F00439
LEVANTE HIDRAULICO,REGULADORES VERTICALES,REGULADOR IZQUIERDO,DESREGULADO,ERROR DE MANTENIMIENTO,TRACTOR,F00440
SEGURIDAD,CLAXON,BOTON,SULFATADO,CONDICION EXTERNA,TRACTOR,F00441
ESTRUCTURA METALICA,AGUILONES,PERNO DE SUJECION 1,DESAJUSTADO,CONDICION EXTERNA,IMPLEMENTO,F00442
VENTILACION,MOTOR HIDRAULICO,RETEN 3,FUGADO,DESGASTE ESPERADO,IMPLEMENTO,F00443
EMBRAGUE,PEDAL DE EMBRAGUE,PIN,FLOJO,DESGASTE ESPERADO,TRACTOR,F00444
DIRECCION,CAÑERIAS,CONECTOR,AIREADO,ERROR DE MANTENIMIENTO,TRACTOR,F00445
AGROQUIMICO,BOMBA CENTRIFUGA,ORING,DESGASTADO,DESGASTE ESPERADO,IMPLEMENTO,F00446
LUBRICACION,ACEITE DE MOTOR,ACEITE DE MOTOR,EXCESIVO,ERROR DE MANTENIMIENTO,TRACTOR,F00447
AGROQUIMICO,FILTROS,ORING,ROTO,ERROR DE MANTENIMIENTO,IMPLEMENTO,F00448
HIDRAULICO,BLOQUE PRINCIPAL,CONECTOR T,AGRIETADO,CONDICION EXTERNA,IMPLEMENTO,F00449
AGROQUIMICO,FILTRO DE AGROQUIMICOS,FILTRO,ROTO,MALA OPERACION,IMPLEMENTO,F00450
COMBUSTIBLE,INYECTORES,TOBERA,DESGASTADO,DESGASTE ESPERADO,TRACTOR,F00451
LUBRICACION,ACEITE DE MOTOR,ACEITE DE MOTOR,REDUCIDO,FALLA EN CASCADA,TRACTOR,F00452
FRENOS,VARILLAJE DE FRENOS,RESORTE,ROTO,ERROR DE MANTENIMIENTO,TRACTOR,F00453
LEVANTE HIDRAULICO,TEMPLADORES LATERALES,TEMPLADOR IZQUIERDO,ROTO,MALA OPERACION,TRACTOR,F00454
AGROQUIMICO,BOMBA BERTOLINI,REGULADOR,DAÑADO,DESGASTE ESPERADO,IMPLEMENTO,F00455
VENTILACION,MANGUERAS DE AIRE,MANGUERA 3,ROTO,CONDICION EXTERNA,IMPLEMENTO,F00456
ESTRUCTURA METALICA,TIRO DE ENGANCHE,PIN,FLOJO,ERROR DE MANTENIMIENTO,IMPLEMENTO,F00457
LEVANTE HIDRAULICO,TEMPLADORES LATERALES,PERNO,ROTO,ERROR DE MANTENIMIENTO,TRACTOR,F00458
DIRECCION,BOMBA HIDRAULICA,CONECTOR 1,DESAJUSTADO,FALLA EN CASCADA,TRACTOR,F00459
AGROQUIMICO,CAÑERIAS DE AGROQUIMICOS,BAJANTE DERECHO,DOBLADO,MALA OPERACION,IMPLEMENTO,F00460
COMBUSTIBLE,CAÑERIAS,VALVULA DE TANQUE,DESGASTADO,ERROR DE MANTENIMIENTO,TRACTOR,F00461
TRANSMISION,CARDAN AGRICOLA,CRUCETA 2,DESGASTADO,DESGASTE ESPERADO,IMPLEMENTO,F00462
ELECTRICO,ELECTROVALVULAS AGROQUIMICOS,BOBINA PRINCIPAL,QUEMADO,CONDICION EXTERNA,IMPLEMENTO,F00463
RUEDAS,BOCAMASAS,RODAMIENTO,DESGASTADO,ERROR DE MANTENIMIENTO,IMPLEMENTO,F00464
LEVANTE HIDRAULICO,TEMPLADORES LATERALES,TEMPLADOR DERECHO,DESAJUSTADO,ERROR DE MANTENIMIENTO,TRACTOR,F00465
COMANDO REMOTO,BLOQUE HIDRAULICO,REGULADOR,DESREGULADO,ERROR DE MANTENIMIENTO,TRACTOR,F00466
EMBRAGUE,VARILLAJE DE EMBRAGUE,VARILLA 1,ROTO,ERROR DE MANTENIMIENTO,TRACTOR,F00467
ESTRUCTURA METALICA,MASTIL,TUBO,DOBLADO,MALA OPERACION,IMPLEMENTO,F00468
ESTRUCTURA METALICA,TORRE,TORRE,DESMONTADO,ERROR DE GESTION,IMPLEMENTO,F00469
PLATAFORMA,PISOS METALICOS,PLANCHA,ROTO,DESGASTE ESPERADO,TRACTOR,F00470
ELECTRICO,SENSOR DE TEMPERATURA,SENSOR DE TEMPERATURA,ROTO,CONDICION EXTERNA,TRACTOR,F00471
EMBRAGUE,DISCO DE EMBRAGUE,KIT DE EMBRAGUE,DESGASTADO,ERROR DE MANTENIMIENTO,TRACTOR,F00472
ESTRUCTURA METALICA,TIRO DE ENGANCHE,TUBO,ROTO,ERROR DE MANTENIMIENTO,IMPLEMENTO,F00473
ELECTRICO,ARNES ELECTRICO,CABLE,DESCONECTADO,CONDICION EXTERNA,TRACTOR,F00474
TRANSMISION,CAJA MULTIPLICADORA,PERNO DE SUJECION 2,DESAJUSTADO,ERROR DE MANTENIMIENTO,IMPLEMENTO,F00475
ELECTRICO,BATERIA,SOPORTE,DESAJUSTADO,ERROR DE MANTENIMIENTO,TRACTOR,F00476
ESTRUCTURA METALICA,TORRE,PERNO,DESAJUSTADO,CONDICION EXTERNA,IMPLEMENTO,F00477
ESTRUCTURA METALICA,TIRO DE ENGANCHE,SEGURO,DESAJUSTADO,ERROR DE MANTENIMIENTO,IMPLEMENTO,F00478
DIRECCION,ORBITROL,ORBITROL,DESGASTADO,DESGASTE ESPERADO,TRACTOR,F00479
AGROQUIMICO,BOMBA BERTOLINI,DIAFRAGMA 1,ROTO,DESGASTE ESPERADO,IMPLEMENTO,F00480
VENTILACION,MOTOR HIDRAULICO,RETEN 2,FUGADO,DESGASTE ESPERADO,IMPLEMENTO,F00481
ELECTRICO,ELECTROVALVULAS AGROQUIMICOS,SOLENOIDE,QUEMADO,CONDICION EXTERNA,IMPLEMENTO,F00482
VENTILACION,MOTOR HIDRAULICO,NIPLE,FLOJO,ERROR DE MANTENIMIENTO,IMPLEMENTO,F00483
VENTILACION,BOOM,ABRAZADERA,DESAJUSTADO,ERROR DE MANTENIMIENTO,IMPLEMENTO,F00484
VENTILACION,MOTOR HIDRAULICO,RETEN 3,DESGASTADO,DESGASTE ESPERADO,IMPLEMENTO,F00485
AGROQUIMICO,COMANDO,REGULADOR,DESGASTADO,CONDICION EXTERNA,IMPLEMENTO,F00486
ELECTRICO,ELECTROVALVULAS AGROQUIMICOS,SOLENOIDE 1,DESCONECTADO,ERROR DE MANTENIMIENTO,IMPLEMENTO,F00487
COMANDO REMOTO,MANGUERAS HIDRAULICAS,MANGUERA 2,FUGADO,DESGASTE ESPERADO,TRACTOR,F00488
TRANSMISION,CAJA MULTIPLICADORA,EJE ESTRIADO,DESGASTADO,ERROR DE MANTENIMIENTO,IMPLEMENTO,F00489
COMBUSTIBLE,CEBADOR,DIAFRAGMA,ROTO,DESGASTE ESPERADO,TRACTOR,F00490
COMBUSTIBLE,BOMBA DE ALIMENTACION,VALVULA DE RETENCION,DESGASTADO,DESGASTE ESPERADO,TRACTOR,F00491
HIDRAULICO,BOMBA DOBLE,EJE ESTRIADO,DESGASTADO,ERROR DE MANTENIMIENTO,IMPLEMENTO,F00492
ELECTRICO,ALTERNADOR,CARBONES,DESGASTADO,DESGASTE ESPERADO,TRACTOR,F00493
ELECTRICO,CHAPA DE CONTACTO,CONECTOR,DESCONECTADO,ERROR DE MANTENIMIENTO,TRACTOR,F00494
AGROQUIMICO,CAÑERIAS DE AGROQUIMICOS,MANOMETRO,CONTAMINADO,DESGASTE ESPERADO,IMPLEMENTO,F00495
AGROQUIMICO,TANQUE,SOPORTE DE GANZO,DOBLADO,MALA OPERACION,IMPLEMENTO,F00496
TRANSMISION,CAJA MULTIPLICADORA,RODAMIENTO 1,DESGASTADO,ERROR DE MANTENIMIENTO,IMPLEMENTO,F00497
AGROQUIMICO,MANGUERAS DE AGROQUIMICOS,ABRAZADERA,ROTO,ERROR DE MANTENIMIENTO,IMPLEMENTO,F00498
ELECTRICO,ELECTROVALVULAS AGROQUIMICOS,TAPA CIEGA,ROTO,ERROR DE MANTENIMIENTO,IMPLEMENTO,F00499
ELECTRICO,FAROS,BASE DE FARO,ROTO,CONDICION EXTERNA,TRACTOR,F00500
ELECTRICO,ELECTROVALVULAS AGROQUIMICOS,BOBINA,QUEMADO,CONDICION EXTERNA,IMPLEMENTO,F00501
VENTILACION,MANGUERAS DE AIRE,MANGUERA 2,ROTO,CONDICION EXTERNA,IMPLEMENTO,F00502
AGROQUIMICO,TANQUE,SOPORTE DE MANIJA,RAJADO,CONDICION EXTERNA,IMPLEMENTO,F00503
VENTILACION,VENTILADOR,ENVOLVENTE,ROTO,ERROR DE MANTENIMIENTO,IMPLEMENTO,F00504
EMBRAGUE,VARILLAJE DE EMBRAGUE,PASADOR,ROTO,ERROR DE MANTENIMIENTO,TRACTOR,F00505
HIDRAULICO,CILINDRO HIDRAULICO,VASTAGO IZQUIERDO,DOBLADO,MALA OPERACION,IMPLEMENTO,F00506
VENTILACION,VENTILADOR,PERNO DE SOPORTE 1,ROTO,CONDICION EXTERNA,IMPLEMENTO,F00507
HIDRAULICO,CILINDRO HIDRAULICO,NIPLE,ROTO,CONDICION EXTERNA,IMPLEMENTO,F00508
EMBRAGUE,PEDAL DE EMBRAGUE,PEDAL,ROTO,MAL USO,TRACTOR,F00509
COMBUSTIBLE,CEBADOR,DIAFRAGMA,OBSTRUIDO,FALLA EN CASCADA,TRACTOR,F00510
EMBRAGUE,VARILLAJE DE EMBRAGUE,PIN,ROTO,MALA OPERACION,TRACTOR,F00511
ELECTRICO,ALTERNADOR,REGULADOR,QUEMADO,FALLA EN CASCADA,TRACTOR,F00512
AGROQUIMICO,COMANDO,BASE,DESAJUSTADO,ERROR DE MANTENIMIENTO,IMPLEMENTO,F00513
VENTILACION,MOTOR HIDRAULICO,RETEN DE MOTOR 5,FUGADO,DESGASTE ESPERADO,IMPLEMENTO,F00514
ESTRUCTURA METALICA,TIRO DE ENGANCHE,TUBO,ROTO,CONDICION EXTERNA,IMPLEMENTO,F00515
AGROQUIMICO,TANQUE,PROTECTOR METALICO,ROTO,CONDICION EXTERNA,IMPLEMENTO,F00516
ELECTRICO,CABLE A TIERRA,CONECTOR,DESCONECTADO,ERROR DE MANTENIMIENTO,TRACTOR,F00517
RUEDAS,BOCAMASA IZQUIERDA,RETEN,DEFORMADO,DESGASTE ESPERADO,IMPLEMENTO,F00518
AGROQUIMICO,BOMBA BERTOLINI,BASE DE BOMBA,FISURADO,CONDICION EXTERNA,IMPLEMENTO,F00519
ESTRUCTURA METALICA,TORRE,SOPORTE,ROTO,CONDICION EXTERNA,IMPLEMENTO,F00520
ELECTRICO,TABLERO DE COMANDOS,SOPORTE,ROTO,CONDICION EXTERNA,IMPLEMENTO,F00521
SEGURIDAD,CLAXON,CLAXON,QUEMADO,CONDICION EXTERNA,TRACTOR,F00522
AGROQUIMICO,MANGUERAS DE AGROQUIMICOS,MANGUERA 4,ROTO,ERROR DE MANTENIMIENTO,IMPLEMENTO,F00523
VENTILACION,MOTOR HIDRAULICO,RETEN 1,DESGASTADO,DESGASTE ESPERADO,IMPLEMENTO,F00524
AGROQUIMICO,CONJUNTO DE BOQUILLAS,BOQUILLA 11,TAPADO,ERROR DE MANTENIMIENTO,IMPLEMENTO,F00525
TRANSMISION,CAJA MULTIPLICADORA,RETEN 2,FUGADO,ERROR DE MANTENIMIENTO,IMPLEMENTO,F00526
AGROQUIMICO,CONJUNTO DE BOQUILLAS,BOQUILLA 10,TAPADO,ERROR DE MANTENIMIENTO,IMPLEMENTO,F00527
HIDRAULICO,BLOQUE PRINCIPAL,CARCASA,RAJADO,CONDICION EXTERNA,IMPLEMENTO,F00528
ELECTRICO,ELECTROVALVULAS AGROQUIMICOS,SOLENOIDE 1,QUEMADO,CONDICION EXTERNA,IMPLEMENTO,F00529
DOBLE TRACCION,CAJA DE TRANSFERENCIA,RETEN,FUGADO,DESGASTE ESPERADO,TRACTOR,F00530
AGROQUIMICO,PALANCAS DE ACCIONAMIENTO,PALANCA 1,ROTO,MALA OPERACION,IMPLEMENTO,F00531
AGROQUIMICO,PALANCAS DE ACCIONAMIENTO,PERNO,ROTO,MALA OPERACION,IMPLEMENTO,F00532
VENTILACION,MOTOR HIDRAULICO,RETEN 2,DESGASTADO,DESGASTE ESPERADO,IMPLEMENTO,F00533
AGROQUIMICO,BOMBA BERTOLINI,PERNO DE SUJECION 1,FLOJO,CONDICION EXTERNA,IMPLEMENTO,F00534
TRANSMISION,POLEAS,TEMPLADOR DE FAJA,DESGASTADO,DESGASTE ESPERADO,IMPLEMENTO,F00535
AGROQUIMICO,CAÑERIAS DE AGROQUIMICOS,VALVULA DE PASO 1,DESGASTADO,DESGASTE ESPERADO,IMPLEMENTO,F00536
ESTRUCTURA METALICA,TORRE,TORRE,MONTADO,ERROR DE GESTION,IMPLEMENTO,F00537
LEVANTE HIDRAULICO,TEMPLADORES LATERALES,TOPE LATERAL DERECHO,ROTO,MALA OPERACION,TRACTOR,F00538
COMBUSTIBLE,CAÑERIAS,MANGUERA 2,ROTO,CONDICION EXTERNA,TRACTOR,F00539
LEVANTE HIDRAULICO,BRAZOS DE LEVANTE SUPERIOR,BRAZO IZQUIERDO,ROTO,DESGASTE ESPERADO,TRACTOR,F00540
AGROQUIMICO,TANQUE,MANGUERA DE NIVEL,CONTAMINADO,DESGASTE ESPERADO,IMPLEMENTO,F00541
AGROQUIMICO,TANQUE,SOPORTE DE TANQUE,DESAJUSTADO,ERROR DE MANTENIMIENTO,IMPLEMENTO,F00542
TIRO,BARRA DE TIRO,PIN,ROTO,ERROR DE MANTENIMIENTO,TRACTOR,F00543
SEGURIDAD,ALARMA DE RETROCESO,ALARMA,QUEMADO,DESGASTE ESPERADO,TRACTOR,F00544
VENTILACION,SOPORTE DE VENTILADOR 4,RODAMIENTO 1,DESGASTADO,ERROR DE MANTENIMIENTO,IMPLEMENTO,F00545
AGROQUIMICO,BOMBA BERTOLINI,BOMBA,DESMONTADO,ERROR DE GESTION,IMPLEMENTO,F00546
ELECTRICO,ALTERNADOR,RODAMIENTO,DESGASTADO,DESGASTE ESPERADO,TRACTOR,F00547
IMPLEMENTO,IMPLEMENTO,IMPLEMENTO,REVISADO,ERROR DE GESTION,IMPLEMENTO,F00548
AGROQUIMICO,CONJUNTO DE BOQUILLAS,BOQUILLAS,OBSTRUIDO,ERROR DE MANTENIMIENTO,IMPLEMENTO,F00549
VENTILACION,MOTOR HIDRAULICO,CONECTOR HIDRAULICO,ROTO,CONDICION EXTERNA,IMPLEMENTO,F00550
TOMA DE FUERZA,PALANCA DE TDF,SEGURO,ROTO,DESGASTE ESPERADO,TRACTOR,F00551
HIDRAULICO,CILINDRO HIDRAULICO,SOPORTE DE CILINDRO,MODIFICADO,ERROR DE GESTION,IMPLEMENTO,F00552
ELECTRICO,ARRANCADOR,CABLE,ROTO,ERROR DE MANTENIMIENTO,TRACTOR,F00553
TRANSMISION,FILTROS,BASE DE FILTRO,DOBLADO,CONDICION EXTERNA,TRACTOR,F00554
ELECTRICO,SWITCH DE ASIENTO,SWITCH DE ASIENTO,DESREGULADO,FALLA EN CASCADA,TRACTOR,F00555
ELECTRICO,TABLERO DE COMANDOS,HOROMETRO,QUEMADO,CONDICION EXTERNA,IMPLEMENTO,F00556
ELECTRICO,ARRANCADOR,SOLENOIDE,FLOJO,ERROR DE MANTENIMIENTO,TRACTOR,F00557
TABLERO,TACOMETRO,TACOMETRO,QUEMADO,CONDICION EXTERNA,TRACTOR,F00558
AGITACION,MOTOR HIDRAULICO,NIPLE,FLOJO,ERROR DE MANTENIMIENTO,IMPLEMENTO,F00559
AGROQUIMICO,TANQUE,TAPA,ROTO,MALA OPERACION,IMPLEMENTO,F00560
AGROQUIMICO,BOMBA CENTRIFUGA,EJE,DESGASTADO,DESGASTE ESPERADO,IMPLEMENTO,F00561
AGROQUIMICO,BOMBA JACTO,VALVULA,TRABADO,CONDICION EXTERNA,IMPLEMENTO,F00562
ESTRUCTURA METALICA,SOPORTE DE TANQUE,ABRAZADERA DE TANQUE,ROTO,ERROR DE MANTENIMIENTO,IMPLEMENTO,F00563
VENTILACION,SOPORTE DE VENTILADOR 4,RODAMIENTO 2,DESGASTADO,ERROR DE MANTENIMIENTO,IMPLEMENTO,F00564
TABLERO,RELOJ DE PRESION DE ACEITE,MANOMETRO,DESGASTADO,DESGASTE ESPERADO,TRACTOR,F00565
AGROQUIMICO,CONJUNTO DE BOQUILLAS,BOQUILLAS,OBSTRUIDO,CONDICION EXTERNA,IMPLEMENTO,F00566
LEVANTE HIDRAULICO,BRAZOS DE LEVANTE SUPERIOR,BRAZO DERECHO,ROTO,ERROR DE MANTENIMIENTO,TRACTOR,F00567
VENTILACION,BOOM,CHAVETA DE VENTILADOR 1,DESGASTADO,DESGASTE ESPERADO,IMPLEMENTO,F00568
ELECTRICO,ARNES ELECTRICO,CABLES,CORTOCIRCUITADO,FALLA EN CASCADA,TRACTOR,F00569
TABLERO,TACOMETRO,CONECTOR,FLOJO,ERROR DE MANTENIMIENTO,TRACTOR,F00570
ELECTRICO,BATERIA,BORNE,SULFATADO,ERROR DE MANTENIMIENTO,TRACTOR,F00571
RUEDAS,TREN DE RUEDAS,TUBO PRINCIPAL,ROTO,CAPACIDAD INAPROPIADA,IMPLEMENTO,F00572
VENTILACION,SOPORTE DE BOOM,PERNO DE SUJECION 1,ROTO,ERROR DE MANTENIMIENTO,IMPLEMENTO,F00573
RUEDAS,BOCAMASAS,PERNO,ROTO,ERROR DE MANTENIMIENTO,IMPLEMENTO,F00574
ESTRUCTURA METALICA,TORRE,TUBO,FRACTURADO,CONDICION EXTERNA,IMPLEMENTO,F00575
ESTRUCTURA METALICA,CHASIS,SOPORTE DE MASTIL,FISURADO,CONDICION EXTERNA,IMPLEMENTO,F00576
AGROQUIMICO,CONJUNTO DE BOQUILLAS,BOQUILLAS,DESREGULADO,ERROR DE GESTION,IMPLEMENTO,F00577
ACELERACION,VARILLAJE DE ACELERACION,VARILLA 1,ROTO,ERROR DE MANTENIMIENTO,TRACTOR,F00578
DOBLE TRACCION,CARDAN LATERAL,PROTECTOR,ROTO,CONDICION EXTERNA,TRACTOR,F00579
TRANSMISION,TURBINA,EJE DE TURBINA,DESGASTADO,ERROR DE MANTENIMIENTO,IMPLEMENTO,F00580
ELECTRICO,CHAPA DE LUCES,FOCO,QUEMADO,DESGASTE ESPERADO,TRACTOR,F00581
AGROQUIMICO,BOMBA CENTRIFUGA,MOTOR HIDRAULICO,DESGASTADO,DESGASTE ESPERADO,IMPLEMENTO,F00582
ELECTRICO,ELECTROVALVULAS AGROQUIMICOS,SOLENOIDE 2,QUEMADO,CONDICION EXTERNA,IMPLEMENTO,F00583
AGITACION,MOTOR HIDRAULICO,CONECTOR,DESCONECTADO,ERROR DE MANTENIMIENTO,IMPLEMENTO,F00584
HIDRAULICO,CILINDRO HIDRAULICO,NIPLE,AIREADO,ERROR DE MANTENIMIENTO,IMPLEMENTO,F00585
COMBUSTIBLE,CAÑERIAS,CAÑERIA 3,OBSTRUIDO,FALLA EN CASCADA,TRACTOR,F00586
ELECTRICO,CHAPA DE CONTACTO,CHAPA DE CONTACTO,QUEMADO,DESGASTE ESPERADO,TRACTOR,F00587
AGROQUIMICO,BOMBA BARNES,SELLO MECANICO,DESGASTADO,ERROR DE MANTENIMIENTO,IMPLEMENTO,F00588
HIDRAULICO,MANGUERAS HIDRAULICAS,MANGUERA 3,REVENTADO,CONDICION EXTERNA,IMPLEMENTO,F00589
LUBRICACION,FILTRO DE ACEITE DE MOTOR,FILTRO,OBSTRUIDO,FALLA EN CASCADA,TRACTOR,F00590
VENTILACION,MOTOR HIDRAULICO,MOTOR 2,DESGASTADO,DESGASTE ESPERADO,IMPLEMENTO,F00591
PLATAFORMA,ASIENTO DE OPERADOR,PERNO DE SUJECION,FLOJO,ERROR DE MANTENIMIENTO,TRACTOR,F00592
TRANSMISION,POLEAS POSTERIOR,FAJA 1,DESAJUSTADO,DESGASTE ESPERADO,IMPLEMENTO,F00593
HIDRAULICO,MANGUERAS HIDRAULICAS,MANGUERA 2,REVENTADO,CONDICION EXTERNA,IMPLEMENTO,F00594
LEVANTE HIDRAULICO,TEMPLADORES LATERALES,PERNO,FLOJO,ERROR DE MANTENIMIENTO,TRACTOR,F00595
HIDRAULICO,CAÑERIAS HIDRAULICAS,CAÑERIA PRESION,RAJADO,MALA FABRICACION,IMPLEMENTO,F00596
AGROQUIMICO,BOMBA JACTO,CULATA INFERIOR,AGRIETADO,DESGASTE ESPERADO,IMPLEMENTO,F00597
RUEDAS,BOCAMASAS,RODAMIENTO 1,DESGASTADO,ERROR DE MANTENIMIENTO,IMPLEMENTO,F00598
VENTILACION,SOPORTE DE BOOM,PERNO DE SUJECION 3,DESAJUSTADO,ERROR DE MANTENIMIENTO,IMPLEMENTO,F00599
ESTRUCTURA METALICA,TIRO DE ENGANCHE,TUBO,ROTO,DESGASTE ESPERADO,IMPLEMENTO,F00600
HIDRAULICO,CILINDRO HIDRAULICO,NIPLE,DESAJUSTADO,ERROR DE MANTENIMIENTO,IMPLEMENTO,F00601
ELECTRICO,FAROS,FOCO,QUEMADO,DESGASTE ESPERADO,TRACTOR,F00602
VENTILACION,MOTOR HIDRAULICO,MOTOR 1,DESGASTADO,DESGASTE ESPERADO,IMPLEMENTO,F00603
VENTILACION,BOOM,CHAVETA DE VENTILADOR 2,DESGASTADO,DESGASTE ESPERADO,IMPLEMENTO,F00604
VENTILACION,SOPORTE DE BOOM,PERNO,ROTO,ERROR DE MANTENIMIENTO,IMPLEMENTO,F00605
COMANDO REMOTO,BLOQUE HIDRAULICO,PERNO DE SUJECION,ROTO,CONDICION EXTERNA,TRACTOR,F00606
AGROQUIMICO,CONJUNTO DE BOQUILLAS,PORTABOQUILLA 9,ROTO,CONDICION EXTERNA,IMPLEMENTO,F00607
AGROQUIMICO,BOMBA JACTO,RETEN,DESGASTADO,DESGASTE ESPERADO,IMPLEMENTO,F00608
AGROQUIMICO,BOMBA CENTRIFUGA,ORING,FUGADO,ERROR DE MANTENIMIENTO,IMPLEMENTO,F00609
ELECTRICO,ALTERNADOR,FAJA,ROTO,MALA OPERACION,TRACTOR,F00610
AGROQUIMICO,MANGUERAS DE AGROQUIMICOS,NIPLE,ROTO,CONDICION EXTERNA,IMPLEMENTO,F00611
ELECTRICO,TABLERO DE COMANDOS,SWITCH DE ENCENDIDO,DESAJUSTADO,ERROR DE MANTENIMIENTO,IMPLEMENTO,F00612
ELECTRICO,CHAPA DE LUCES,CHAPA DE LUCES,QUEMADO,CONDICION EXTERNA,TRACTOR,F00613
LEVANTE HIDRAULICO,BRAZOS DE LEVANTE SUPERIOR,BRAZO IZQUIERDO,ROTO,ERROR DE MANTENIMIENTO,TRACTOR,F00614
ELECTRICO,ELECTROVALVULA AIRE,BOBINA,QUEMADO,CONDICION EXTERNA,IMPLEMENTO,F00615
COMBUSTIBLE,FILTRO DE COMBUSTIBLE,VASO DECANTADOR,ROTO,CONDICION EXTERNA,TRACTOR,F00616
TRANSMISION,CARDAN AGRICOLA,CRUCETA 1,ROTO,ERROR DE MANTENIMIENTO,IMPLEMENTO,F00617
REFRIGERACION,MANGUERAS DE REFRIGERANTE,MANGUERA INFERIOR,ROTO,DESGASTE ESPERADO,TRACTOR,F00618
ELECTRICO,ARRANCADOR,ESTATOR,QUEMADO,MALA OPERACION,TRACTOR,F00619
ESTRUCTURA METALICA,PLATAFORMA,BARANDA,FRACTURADO,MAL DISEÑO,IMPLEMENTO,F00620
ELECTRICO,CHAPA DE LUCES,INTERRUPTOR LUZ ALTA,SULFATADO,ERROR DE MANTENIMIENTO,TRACTOR,F00621
ESTRUCTURA METALICA,TIRO DE ENGANCHE,PIN,DOBLADO,DESGASTE ESPERADO,IMPLEMENTO,F00622
TABLERO,HOROMETRO,HOROMETRO,QUEMADO,CONDICION EXTERNA,TRACTOR,F00623
DIRECCION,CAÑERIAS,CONECTOR,FLOJO,ERROR DE MANTENIMIENTO,TRACTOR,F00624
ELECTRICO,FAROS,FARO,ROTO,MALA OPERACION,TRACTOR,F00625
MOTOR,DISTRIBUCION,VALVULAS,DESCALIBRADO,ERROR DE MANTENIMIENTO,TRACTOR,F00626
ESTRUCTURA METALICA,SOPORTE DE TANQUE,BASE DE TANQUE,FLOJO,ERROR DE MANTENIMIENTO,IMPLEMENTO,F00627
AGROQUIMICO,BOMBA JACTO,VALVULA 3,ATASCADO,MAL USO,IMPLEMENTO,F00628
AGROQUIMICO,BOMBA CENTRIFUGA,SOPORTE DE BOMBA,ROTO,ERROR DE MANTENIMIENTO,IMPLEMENTO,F00629
TRANSMISION,POLEAS DELANTERAS,FAJA 1,ROTO,ERROR DE MANTENIMIENTO,IMPLEMENTO,F00630
AGROQUIMICO,BOMBA JACTO,ASIENTOS DE VALVULA,DESGASTADO,DESGASTE ESPERADO,IMPLEMENTO,F00631
ELECTRICO,ARNES ELECTRICO,LUZ LED,DESCONECTADO,CONDICION EXTERNA,IMPLEMENTO,F00632
TIRO,BARRA DE TIRO,PIN,DESGASTADO,ERROR DE MANTENIMIENTO,TRACTOR,F00633
ELECTRICO,TABLERO DE COMANDOS,SWITCH DE ENCENDIDO,SULFATADO,ERROR DE MANTENIMIENTO,IMPLEMENTO,F00634
ADMISION,FILTRO DE AIRE,FILTRO SECUNDARIO,OBSTRUIDO,ERROR DE MANTENIMIENTO,TRACTOR,F00635
ESTRUCTURA METALICA,TIRO DE ENGANCHE,TUBO,FRACTURADO,MAL DISEÑO,IMPLEMENTO,F00636
HIDRAULICO,CILINDRO HIDRAULICO,NIPLE,DEFORMADO,ERROR DE MANTENIMIENTO,IMPLEMENTO,F00637
AGROQUIMICO,BOMBA JACTO,BASE DE BOMBA,FISURADO,CONDICION EXTERNA,IMPLEMENTO,F00638
TRANSMISION,CARDAN AGRICOLA,TUBO,DESACOPLADO,ERROR DE MANTENIMIENTO,IMPLEMENTO,F00639
AGROQUIMICO,BOMBA CENTRIFUGA,ORING,ROTO,DESGASTE ESPERADO,IMPLEMENTO,F00640
DOBLE TRACCION,CARDAN LATERAL,TUBO,DOBLADO,MALA OPERACION,TRACTOR,F00641
AGROQUIMICO,BOMBA BERTOLINI,ORING,ROTO,DESGASTE ESPERADO,IMPLEMENTO,F00642
VENTILACION,SOPORTE DE VENTILADOR 1,ABRAZADERA,DESAJUSTADO,ERROR DE MANTENIMIENTO,IMPLEMENTO,F00643
HIDRAULICO,BOMBA DOBLE,NIPLE,AIREADO,ERROR DE MANTENIMIENTO,IMPLEMENTO,F00644
HIDRAULICO,FILTROS,FILTRO 1,FUGADO,ERROR DE MANTENIMIENTO,IMPLEMENTO,F00645
AGROQUIMICO,MANGUERAS DE AGROQUIMICOS,MANGUERA 5,ROTO,CONDICION EXTERNA,IMPLEMENTO,F00646
MOTOR,CULATA,EMPAQUE SUPERIOR,SOPLADO,MALA OPERACION,TRACTOR,F00647
AGROQUIMICO,BOMBA BERTOLINI,TAPA 1,REVENTADO,ERROR DE MANTENIMIENTO,IMPLEMENTO,F00648
AGROQUIMICO,BOMBA BERTOLINI,EJE ESTRIADO,DESGASTADO,DESGASTE ESPERADO,IMPLEMENTO,F00649
ELECTRICO,TABLERO DE COMANDOS,SWITCH DE ENCENDIDO,DESCONECTADO,ERROR DE MANTENIMIENTO,IMPLEMENTO,F00650
ELECTRICO,CABLE A TIERRA,CONECTOR,AISLADO,FALLA EN CASCADA,TRACTOR,F00651
AGROQUIMICO,CAÑERIAS DE AGROQUIMICOS,CAÑERIA PRESION,RAJADO,MALA FABRICACION,IMPLEMENTO,F00652
AGROQUIMICO,BOMBA CENTRIFUGA,RODAMIENTO 1,TRABADO,DESGASTE ESPERADO,IMPLEMENTO,F00653
ELECTRICO,ALTERNADOR,POLEA,DESGASTADO,DESGASTE ESPERADO,TRACTOR,F00654
LEVANTE HIDRAULICO,BRAZOS DE LEVANTE INFERIOR,BRAZO DERECHO,ROTO,MAL USO,TRACTOR,F00655
AGROQUIMICO,TANQUE,TAPA,ROTO,CONDICION EXTERNA,IMPLEMENTO,F00656
AGROQUIMICO,FILTROS,FILTRO,ROTO,CONDICION EXTERNA,IMPLEMENTO,F00657
AGROQUIMICO,BOMBA JACTO,NIPLE,ROTO,MALA OPERACION,IMPLEMENTO,F00658
AGROQUIMICO,BOMBA JACTO,CONECTOR,FLOJO,DESGASTE ESPERADO,IMPLEMENTO,F00659
TRANSMISION,CAJA MULTIPLICADORA,RETEN 1,DESGASTADO,ERROR DE MANTENIMIENTO,IMPLEMENTO,F00660
ESTRUCTURA METALICA,AGUILONES,BRAZO DERECHO,FRACTURADO,CONDICION EXTERNA,IMPLEMENTO,F00661
AGROQUIMICO,MANGUERAS DE AGROQUIMICOS,MANGUERA 2,DESCONECTADO,CONDICION EXTERNA,IMPLEMENTO,F00662
VENTILACION,BOOM,CHAVETA DE VENTILADOR 3,DESGASTADO,DESGASTE ESPERADO,IMPLEMENTO,F00663
AGROQUIMICO,FILTROS,CARCASA DE FILTRO,ROTO,CONDICION EXTERNA,IMPLEMENTO,F00664
AGROQUIMICO,FILTRO DE AGROQUIMICOS,CARTUCHO,OBSTRUIDO,MAL USO,IMPLEMENTO,F00665
AGROQUIMICO,CAÑERIAS DE AGROQUIMICOS,VALVULA DE RETORNO,DESGASTADO,DESGASTE ESPERADO,IMPLEMENTO,F00666
ELECTRICO,HOROMETRO,HOROMETRO,QUEMADO,ERROR DE MANTENIMIENTO,TRACTOR,F00667
ESTRUCTURA METALICA,AGUILONES,ROLDANA,ROTO,MALA OPERACION,IMPLEMENTO,F00668
VENTILACION,TURBINA,RODAMIENTO,DOBLADO,FALLA EN CASCADA,IMPLEMENTO,F00669
TRANSMISION,CARDAN AGRICOLA,SEGURO,ROTO,DESGASTE ESPERADO,IMPLEMENTO,F00670
AGROQUIMICO,BOMBA CENTRIFUGA,NIPLE,ROTO,CONDICION EXTERNA,IMPLEMENTO,F00671
AGROQUIMICO,BOMBA JACTO,MANGUERA SUCCION,ROTO,DESGASTE ESPERADO,IMPLEMENTO,F00672
AGROQUIMICO,CAÑERIAS DE AGROQUIMICOS,MEDIA LUNA,RAJADO,MALA OPERACION,IMPLEMENTO,F00673
AGROQUIMICO,MANGUERAS DE AGROQUIMICOS,MANGUERA 2,OBSTRUIDO,ERROR DE MANTENIMIENTO,IMPLEMENTO,F00674
FRENOS,VARILLAJE DE FRENOS,VARILLA 1,DESGASTADO,ERROR DE MANTENIMIENTO,TRACTOR,F00675
MOTOR,TAPA DE BALANCINES,EMPAQUE,FUGADO,ERROR DE MANTENIMIENTO,TRACTOR,F00676
AGROQUIMICO,COMANDO,CONECTOR,FLOJO,DESGASTE ESPERADO,IMPLEMENTO,F00677
HIDRAULICO,BOMBA DOBLE,ORING,ROTO,ERROR DE MANTENIMIENTO,IMPLEMENTO,F00678
LEVANTE HIDRAULICO,TEMPLADORES LATERALES,BASE DE TEMPLADOR,ROTO,CONDICION EXTERNA,TRACTOR,F00679
AGROQUIMICO,BOMBA JACTO,CULATA SUPERIOR,AGRIETADO,DESGASTE ESPERADO,IMPLEMENTO,F00680
LEVANTE HIDRAULICO,TEMPLADORES LATERALES,SEGURO,ROTO,CONDICION EXTERNA,TRACTOR,F00681
LEVANTE HIDRAULICO,TEMPLADORES LATERALES,TEMPLADOR DERECHO,ROTO,MALA OPERACION,TRACTOR,F00682
VENTILACION,MOTOR HIDRAULICO,MANGUERA 3,FUGADO,DESGASTE ESPERADO,IMPLEMENTO,F00683
AGROQUIMICO,BOMBA JACTO,RODAMIENTO DELANTERO,TRABADO,ERROR DE MANTENIMIENTO,IMPLEMENTO,F00684
TRANSMISION,CAJA MULTIPLICADORA,RODAMIENTO 2,DESGASTADO,ERROR DE MANTENIMIENTO,IMPLEMENTO,F00685
RUEDAS,BOCAMASAS,RODAMIENTO IZQUIERDO,TRABADO,ERROR DE MANTENIMIENTO,IMPLEMENTO,F00686
HIDRAULICO,CILINDRO HIDRAULICO,RETEN,FUGADO,ERROR DE MANTENIMIENTO,IMPLEMENTO,F00687
TRANSMISION,CAJA MULTIPLICADORA,RODAMIENTO 2,TRABADO,DESGASTE ESPERADO,IMPLEMENTO,F00688
TABLERO,TRACTOMETRO,TACOMETRO,QUEMADO,DESGASTE ESPERADO,TRACTOR,F00689
VENTILACION,MOTOR HIDRAULICO,MANGUERA 2,FUGADO,DESGASTE ESPERADO,IMPLEMENTO,F00690
TRANSMISION,CAJA MULTIPLICADORA,PERNO DE SUJECION 2,ROTO,CONDICION EXTERNA,IMPLEMENTO,F00691
AGROQUIMICO,FILTRO DE AGROQUIMICOS,CARCASA EXTERIOR,ROTO,CONDICION EXTERNA,IMPLEMENTO,F00692
AGROQUIMICO,TANQUE,SOPORTE,ROTO,CONDICION EXTERNA,IMPLEMENTO,F00693
AGROQUIMICO,BOMBA BERTOLINI,CONECTOR,FLOJO,ERROR DE MANTENIMIENTO,IMPLEMENTO,F00694
TRANSMISION,CARDAN AGRICOLA,PIN,ROTO,ERROR DE MANTENIMIENTO,IMPLEMENTO,F00695
AGROQUIMICO,BOMBA JACTO,VALVULA 2,ATASCADO,MAL USO,IMPLEMENTO,F00696
ELECTRICO,ARRANCADOR,CARBONES,DESGASTADO,ERROR DE MANTENIMIENTO,TRACTOR,F00697
AGROQUIMICO,BOMBA BERTOLINI,CARCASA EXTERIOR,ROTO,MAL USO,IMPLEMENTO,F00698
AGROQUIMICO,FILTRO DE AGROQUIMICOS,FILTRO,ROTO,ERROR DE MANTENIMIENTO,IMPLEMENTO,F00699
AGROQUIMICO,BOMBA BARNES,EJE,DESGASTADO,ERROR DE MANTENIMIENTO,IMPLEMENTO,F00700
TOMA DE FUERZA,COMANDO,SWITCH,DESCONFIGURADO,ERROR DE MANTENIMIENTO,TRACTOR,F00701
VENTILACION,SOPORTE DE BOOM,PERNO DE SUJECION 1,DESAJUSTADO,ERROR DE MANTENIMIENTO,IMPLEMENTO,F00702
TIRO,ENGANCHE,TUBO,ROTO,MAL DISEÑO,IMPLEMENTO,F00703
AGROQUIMICO,COMANDO,PERNO,ROTO,ERROR DE MANTENIMIENTO,IMPLEMENTO,F00704
REFRIGERACION,BOMBA DE AGUA,EMPAQUE,DAÑADO,ERROR DE MANTENIMIENTO,TRACTOR,F00705
LEVANTE HIDRAULICO,BRAZOS DE LEVANTE SUPERIOR,BRAZO IZQUIERDO,ROTO,MAL USO,TRACTOR,F00706
COMANDO REMOTO,MANGUERAS HIDRAULICAS,MANGUERA 2,ROTO,CONDICION EXTERNA,TRACTOR,F00707
HIDRAULICO,BOMBA DOBLE,CONECTOR,FLOJO,ERROR DE MANTENIMIENTO,IMPLEMENTO,F00708
EMBRAGUE,PEDAL DE EMBRAGUE,SEGURO,ROTO,DESGASTE ESPERADO,TRACTOR,F00709
AGROQUIMICO,MANGUERAS DE AGROQUIMICOS,MANGUERA 2,FUGADO,CONDICION EXTERNA,IMPLEMENTO,F00710
VENTILACION,BOOM,VENTILADOR 1,DESAJUSTADO,ERROR DE MANTENIMIENTO,IMPLEMENTO,F00711
LEVANTE HIDRAULICO,REGULADORES VERTICALES,TUERCA IZQUIERDA,FLOJO,ERROR DE MANTENIMIENTO,TRACTOR,F00712
VENTILACION,BOOM,GEOMEMBRANA PROTECTORA,ROTO,CONDICION EXTERNA,IMPLEMENTO,F00713
AGROQUIMICO,BOMBA JACTO,CIGÜEÑAL,DESGASTADO,DESGASTE ESPERADO,IMPLEMENTO,F00714
TRANSMISION,SINCRONIZADORES,SINCRONIZADOR 2,DESGASTADO,DESGASTE ESPERADO,TRACTOR,F00715
REGADERA,ELEMENTOS DE SUJECION,PERNO IZQUIERDO,ROTO,ERROR DE MANTENIMIENTO,IMPLEMENTO,F00716
HIDRAULICO,FILTROS,FILTRO 2,FUGADO,ERROR DE MANTENIMIENTO,IMPLEMENTO,F00717
LEVANTE HIDRAULICO,PALANCAS DE CONTROL,VARILLAJE,DAÑADO,DESGASTE ESPERADO,TRACTOR,F00718
RUEDAS,AROS TRASEROS,ARO DERECHO,DAÑADO,CONDICION EXTERNA,TRACTOR,F00719
FRENOS,VARILLAJE DE FRENOS,REGULADOR,DESREGULADO,ERROR DE MANTENIMIENTO,TRACTOR,F00720
AGROQUIMICO,CONJUNTO DE BOQUILLAS,BOQUILLA 15,CERRADO,ERROR DE GESTION,IMPLEMENTO,F00721
VENTILACION,MOTOR HIDRAULICO,CUERPO EXTERNO,DESGASTADO,DESGASTE ESPERADO,IMPLEMENTO,F00722
EMBRAGUE,VARILLAJE DE EMBRAGUE,PIN,ROTO,ERROR DE MANTENIMIENTO,TRACTOR,F00723
AGROQUIMICO,FILTROS,SEGURO,ROTO,CONDICION EXTERNA,IMPLEMENTO,F00724
AGROQUIMICO,BOMBA CENTRIFUGA,SELLO MECANICO,DESGASTADO,ERROR DE MANTENIMIENTO,IMPLEMENTO,F00725
AGROQUIMICO,BOMBA JACTO,TAPA DE VALVULAS INFERIOR,AGRIETADO,DESGASTE ESPERADO,IMPLEMENTO,F00726
RUEDAS,NEUMATICOS POSTERIORES,LLANTA DERECHA,LASTRADO,ERROR DE GESTION,TRACTOR,F00727
REFRIGERACION,RADIADOR,ABRAZADERA 1,FLOJO,ERROR DE MANTENIMIENTO,TRACTOR,F00728
COMANDO REMOTO,BLOQUE HIDRAULICO,ACOPLADOR HEMBRA,DESGASTADO,MAL USO,TRACTOR,F00729
AGROQUIMICO,BOMBA CENTRIFUGA,CARCASA EXTERIOR,ROTO,CONDICION EXTERNA,IMPLEMENTO,F00730
AGROQUIMICO,CAÑERIAS DE AGROQUIMICOS,MANOMETRO,CONTAMINADO,CONDICION EXTERNA,IMPLEMENTO,F00731
TRANSMISION,CAJA MULTIPLICADORA,RODAMIENTO,DESGASTADO,ERROR DE MANTENIMIENTO,IMPLEMENTO,F00732
DOBLE TRACCION,CARDAN LATERAL,CRUCETA 1,DESGASTADO,DESGASTE ESPERADO,TRACTOR,F00733
TRITURACION,ROTOR,SOPORTE DE MARTILLO,ROTO,CONDICION EXTERNA,IMPLEMENTO,F00734
EMPLANCHADOS,CAPOT,SEGURO DE CAPOT,DESGASTADO,ERROR DE MANTENIMIENTO,TRACTOR,F00735
LEVANTE HIDRAULICO,TEMPLADORES LATERALES,TEMPLADOR IZQUIERDO,DESAJUSTADO,ERROR DE MANTENIMIENTO,TRACTOR,F00736
ACELERACION,VARILLAJE DE ACELERACION,RESORTE,DESGASTADO,DESGASTE ESPERADO,TRACTOR,F00737
LEVANTE HIDRAULICO,PALANCAS DE CONTROL,PIN,DESGASTADO,ERROR DE MANTENIMIENTO,TRACTOR,F00738
ACELERACION,VARILLAJE DE ACELERACION,CABLE DE ACELERADOR,ROTO,DESGASTE ESPERADO,TRACTOR,F00739
AGROQUIMICO,BOMBA BERTOLINI,ORING,ROTO,ERROR DE MANTENIMIENTO,IMPLEMENTO,F00740
ESTRUCTURA METALICA,AGUILONES,SOPORTE DE BRAZO DERECHO,ROTO,MALA OPERACION,IMPLEMENTO,F00741
LEVANTE HIDRAULICO,PALANCAS DE CONTROL,PIN,ROTO,DESGASTE ESPERADO,TRACTOR,F00742
DIRECCION,BOMBA HIDRAULICA,CONECTOR,DESAJUSTADO,ERROR DE MANTENIMIENTO,TRACTOR,F00743
AGROQUIMICO,BOMBA BERTOLINI,MEMBRANA,ROTO,DESGASTE ESPERADO,IMPLEMENTO,F00744
MOTOR,TAPA DE BALANCINES,EMPAQUE,FUGADO,MATERIAL INAPROPIADO,TRACTOR,F00745
RUEDAS,BOCAMASAS,RODAMIENTO DERECHO,ATASCADO,ERROR DE MANTENIMIENTO,IMPLEMENTO,F00746
TRANSMISION,TUERCA,TUERCA,DESAJUSTADO,DESGASTE ESPERADO,IMPLEMENTO,F00747
COMBUSTIBLE,CAÑERIAS,MANGUERA 1,ROTO,CONDICION EXTERNA,TRACTOR,F00748
TIRO,TIRO DE ENGANCHE,PIN,ROTO,ERROR DE MANTENIMIENTO,IMPLEMENTO,F00749
TRANSMISION,SEPARADORES,SEPARADOR 3,ROTO,DESGASTE ESPERADO,IMPLEMENTO,F00750
AGROQUIMICO,CAÑERIAS DE AGROQUIMICOS,MANOMETRO,DAÑADO,DESGASTE ESPERADO,IMPLEMENTO,F00751
HIDRAULICO,CILINDRO HIDRAULICO,RETEN 1,FUGADO,DESGASTE ESPERADO,IMPLEMENTO,F00752
HIDRAULICO,CILINDRO HIDRAULICO,VASTAGO DERECHO,DOBLADO,MALA OPERACION,IMPLEMENTO,F00753
RUEDAS,BOCAMASAS,RODAMIENTO,DESAJUSTADO,ERROR DE MANTENIMIENTO,IMPLEMENTO,F00754
AGROQUIMICO,CAÑERIAS DE AGROQUIMICOS,MANOMETRO,DESGASTADO,DESGASTE ESPERADO,IMPLEMENTO,F00755
ELECTRICO,ELECTROVALVULA AIRE,SOLENOIDE,QUEMADO,CONDICION EXTERNA,IMPLEMENTO,F00756
EMPLANCHADOS,CAPOT,CERRADURA,DESGASTADO,DESGASTE ESPERADO,TRACTOR,F00757
AGROQUIMICO,CAÑERIAS DE AGROQUIMICOS,BAJANTE IZQUIERDO,DOBLADO,MALA OPERACION,IMPLEMENTO,F00758
DIRECCION,ORBITROL,CONECTOR,AIREADO,ERROR DE MANTENIMIENTO,TRACTOR,F00759
LUBRICACION,BOMBA DE ACEITE,MANOMETRO,DESGASTADO,DESGASTE ESPERADO,TRACTOR,F00760
ESTRUCTURA METALICA,TORRE,SOPORTE,FISURADO,MAL DISEÑO,IMPLEMENTO,F00761
DIRECCION,MANGUERAS HIDRAULICAS,ABRAZADERA,FUGADO,ERROR DE MANTENIMIENTO,TRACTOR,F00762
COMBUSTIBLE,MANGUERAS DE COMBUSTIBLE,MANGUERA DE RETORNO,ROTO,CONDICION EXTERNA,TRACTOR,F00763
COMBUSTIBLE,CAÑERIAS,MANGUERA DE RETORNO,ROTO,CONDICION EXTERNA,TRACTOR,F00764
ESTRUCTURA METALICA,MASTIL,TUBO,DESCENTRADO,CONDICION EXTERNA,IMPLEMENTO,F00765
AGITACION,POLEAS,RODAMIENTO,DESGASTADO,DESGASTE ESPERADO,IMPLEMENTO,F00766
AGROQUIMICO,LLAVE DE PASO,LLAVE DE BOLA,DAÑADO,ERROR DE MANTENIMIENTO,IMPLEMENTO,F00767
PLATAFORMA,ASIENTO DE OPERADOR,CARRIL DE AJUSTE,TRABADO,ERROR DE MANTENIMIENTO,TRACTOR,F00768
LEVANTE HIDRAULICO,REGULADOR TERCER PUNTO,REGULADOR,ROTO,MAL USO,TRACTOR,F00769
REGADERA,REGADERA,TUBO,DOBLADO,MALA OPERACION,IMPLEMENTO,F00770
TIRO,BARRA DE TIRO,PIN,DESGASTADO,DESGASTE ESPERADO,TRACTOR,F00771
SEGURIDAD,TACOS DE SEGURIDAD,SOPORTE DE TACOS,RAJADO,CONDICION EXTERNA,TRACTOR,F00772
AGROQUIMICO,BOMBA BERTOLINI,DIAFRAGMA 1,DESGASTADO,DESGASTE ESPERADO,IMPLEMENTO,F00773
RUEDAS,BOCAMASAS,TUERCA,FLOJO,ERROR DE MANTENIMIENTO,IMPLEMENTO,F00774
ELECTRICO,ELECTROVALVULAS AGROQUIMICOS,BOBINA 1,DESCONECTADO,ERROR DE MANTENIMIENTO,IMPLEMENTO,F00775
AGROQUIMICO,BOMBA BERTOLINI,PERNO DE SUJECION 1,ROTO,ERROR DE MANTENIMIENTO,IMPLEMENTO,F00776
AGROQUIMICO,BOMBA CENTRIFUGA,ORING,FUGADO,DESGASTE ESPERADO,IMPLEMENTO,F00777
EMBRAGUE,PEDAL DE EMBRAGUE,REGULADOR,DESREGULADO,DESGASTE ESPERADO,TRACTOR,F00778
TRANSMISION,CAJA MULTIPLICADORA,PERNO SUJECION 1,ROTO,ERROR DE MANTENIMIENTO,IMPLEMENTO,F00779
VENTILACION,TURBINA,ALETAS,ROTO,CONDICION EXTERNA,IMPLEMENTO,F00780
VENTILACION,MOTOR HIDRAULICO,RETEN 4,FUGADO,DESGASTE ESPERADO,IMPLEMENTO,F00781
RUEDAS,BOCAMASAS,RODAMIENTO DERECHO,TRABADO,ERROR DE MANTENIMIENTO,IMPLEMENTO,F00782
AGROQUIMICO,BOMBA JACTO,CAMISA,AGRIETADO,ERROR DE MANTENIMIENTO,IMPLEMENTO,F00783
TRANSMISION,CAJA MULTIPLICADORA,SOPORTE,ROTO,ERROR DE MANTENIMIENTO,IMPLEMENTO,F00784
DIRECCION,MANGUERAS HIDRAULICAS,MANGUERA 1,ROTO,CONDICION EXTERNA,TRACTOR,F00785
AGROQUIMICO,CAÑERIAS DE AGROQUIMICOS,MANOMETRO,CONTAMINADO,MAL USO,IMPLEMENTO,F00786
TRANSMISION,PALANCA PRINCIPAL,POMO,ROTO,MALA OPERACION,TRACTOR,F00787
VENTILACION,BOOM,VENTILADOR 1,DEFORMADO,CONDICION EXTERNA,IMPLEMENTO,F00788
VENTILACION,MOTOR HIDRAULICO,RETEN 4,FUGADO,ERROR DE MANTENIMIENTO,IMPLEMENTO,F00789
ELECTRICO,CORTA CORRIENTE,CORTA CORRIENTE,QUEMADO,DESGASTE ESPERADO,TRACTOR,F00790
AGROQUIMICO,BOMBA BARNES,EJE,DESGASTADO,FALLA EN CASCADA,IMPLEMENTO,F00791
LEVANTE HIDRAULICO,BRAZOS DE LEVANTE SUPERIOR,BRAZO DERECHO,ROTO,MAL USO,TRACTOR,F00792
ELECTRICO,COMANDO,SWITCH DE ENCENDIDO,DESCONECTADO,ERROR DE MANTENIMIENTO,IMPLEMENTO,F00793
LEVANTE HIDRAULICO,BRAZOS DE LEVANTE INFERIOR,SOPORTE,RAJADO,CONDICION EXTERNA,TRACTOR,F00794
ELECTRICO,ARNES ELECTRICO,CABLES,DESCONECTADO,ERROR DE MANTENIMIENTO,IMPLEMENTO,F00795
DOBLE TRACCION,CARDAN LATERAL,CRUCETA,DESGASTADO,DESGASTE ESPERADO,TRACTOR,F00796
ELECTRICO,CHAPA DE CONTACTO,CHAPA DE CONTACTO,QUEMADO,CONDICION EXTERNA,TRACTOR,F00797
VENTILACION,MOTOR HIDRAULICO,RETEN 4,DESGASTADO,DESGASTE ESPERADO,IMPLEMENTO,F00798
LEVANTE HIDRAULICO,TEMPLADORES LATERALES,SEGURO,ROTO,DESGASTE ESPERADO,TRACTOR,F00799
ESTRUCTURA METALICA,MASTIL,TUBO,ROTO,CONDICION EXTERNA,IMPLEMENTO,F00800
AGROQUIMICO,BOMBA CENTRIFUGA,EJE ESTRIADO,DESGASTADO,DESGASTE ESPERADO,IMPLEMENTO,F00801
ACELERACION,VARILLAJE DE ACELERACION,REGULADOR ROSCADO,DESREGULADO,DESGASTE ESPERADO,TRACTOR,F00802
COMBUSTIBLE,BOMBA DE INYECCION,SOLENOIDE DE PARO,DESGASTADO,DESGASTE ESPERADO,TRACTOR,F00803
AGROQUIMICO,BOMBA JACTO,TAPA DE VALVULAS SUPERIOR,AGRIETADO,CONDICION EXTERNA,IMPLEMENTO,F00804
COMBUSTIBLE,BOMBA DE INYECCION,EMPAQUE DE CABEZAL,DESGASTADO,DESGASTE ESPERADO,TRACTOR,F00805
ESTRUCTURA METALICA,TORRE,TUBO,FISURADO,MAL DISEÑO,IMPLEMENTO,F00806
ESTRUCTURA METALICA,TORRE,SOPORTE,FISURADO,ERROR DE MANTENIMIENTO,IMPLEMENTO,F00807
ESTRUCTURA METALICA,TORRE,SOPORTE,FISURADO,CONDICION EXTERNA,IMPLEMENTO,F00808
DOBLE TRACCION,CARDAN LATERAL,TUBO,ROTO,MALA OPERACION,TRACTOR,F00809
AGROQUIMICO,BOMBA BERTOLINI,SOPORTE,DESAJUSTADO,ERROR DE MANTENIMIENTO,IMPLEMENTO,F00810
COMBUSTIBLE,BOMBA DE INYECCION,PALETAS,DESGASTADO,DESGASTE ESPERADO,TRACTOR,F00811
HIDRAULICO,FILTROS,FILTRO 2,DESAJUSTADO,ERROR DE MANTENIMIENTO,IMPLEMENTO,F00812
VENTILACION,MOTOR HIDRAULICO,RETEN 5,FUGADO,DESGASTE ESPERADO,IMPLEMENTO,F00813
ACELERACION,VARILLAJE DE ACELERACION,PERNO,DESAJUSTADO,ERROR DE MANTENIMIENTO,TRACTOR,F00814
AGROQUIMICO,MANGUERAS DE AGROQUIMICOS,NIPLE,ROTO,MALA OPERACION,IMPLEMENTO,F00815
HIDRAULICO,BOMBA DOBLE,CONECTOR HIDRAULICO,AIREADO,ERROR DE MANTENIMIENTO,IMPLEMENTO,F00816
EMBRAGUE,VARILLAJE DE EMBRAGUE,SEGURO,ROTO,DESGASTE ESPERADO,TRACTOR,F00817
TOMA DE FUERZA,PALANCA DE TDF,PIN,FLOJO,ERROR DE MANTENIMIENTO,TRACTOR,F00818
TRANSMISION,POLEAS,FAJA 1,ROTO,ERROR DE MANTENIMIENTO,IMPLEMENTO,F00819
HIDRAULICO,BLOQUE HIDRAULICO PRINCIPAL,CONECTOR P,AGRIETADO,CONDICION EXTERNA,IMPLEMENTO,F00820
AGROQUIMICO,CONJUNTO DE BOQUILLAS,PORTABOQUILLA 5,ROTO,CONDICION EXTERNA,IMPLEMENTO,F00821
TRANSMISION,CADENA DE TRANSMISION,ESLABON,ROTO,MALA OPERACION,IMPLEMENTO,F00822
RUEDAS,NEUMATICOS POSTERIORES,RODAMIENTO,TRABADO,ERROR DE MANTENIMIENTO,IMPLEMENTO,F00823
IMPLEMENTO,IMPLEMENTO,IMPLEMENTO,CAMBIADO,ERROR DE GESTION,IMPLEMENTO,F00824
TRACTOR,TRACTOR,TRACTOR,CAMBIADO,ERROR DE GESTION,TRACTOR,F00825
ESTRUCTURA METALICA,TORRE,TUBO,DOBLADO,CONDICION EXTERNA,IMPLEMENTO,F00826
AGROQUIMICO,COMANDO,BASE,ROTO,CONDICION EXTERNA,IMPLEMENTO,F00827
ESTRUCTURA METALICA,SOPORTE DE TANQUE,PLATINA EN U,ROTO,CONDICION EXTERNA,IMPLEMENTO,F00828
TRANSMISION,PALANCA PRINCIPAL,POMO,RAJADO,MAL USO,TRACTOR,F00829
AGROQUIMICO,BOMBA BERTOLINI,PERNO DE SUJECION 2,FLOJO,ERROR DE MANTENIMIENTO,IMPLEMENTO,F00830
LEVANTE HIDRAULICO,TEMPLADORES LATERALES,PIN DERECHO,DESGASTADO,ERROR DE MANTENIMIENTO,TRACTOR,F00831
TRANSMISION,POLEAS,FAJA 2,ROTO,ERROR DE MANTENIMIENTO,IMPLEMENTO,F00832
TRANSMISION,CARDAN AGRICOLA,SEGURO,DESAJUSTADO,ERROR DE MANTENIMIENTO,IMPLEMENTO,F00833
TRANSMISION,CARDAN AGRICOLA,CRUCETA,ROTO,ERROR DE MANTENIMIENTO,IMPLEMENTO,F00834
ELECTRICO,LUCES,FARO PIRTATA,INSTALADO,ERROR DE GESTION,TRACTOR,F00835
REFRIGERACION,MANGUERAS DE REFRIGERANTE,MANGUERA SUPERIOR,FLOJO,ERROR DE MANTENIMIENTO,TRACTOR,F00836
COMBUSTIBLE,CAÑERIAS,CONECTOR,DESAJUSTADO,ERROR DE MANTENIMIENTO,TRACTOR,F00837
VENTILACION,TURBINA,ENCROCHE,ACOPLADO,ERROR DE GESTION,IMPLEMENTO,F00838
ELECTRICO,CAJA DE FUSIBLES,FUSIBLE 1,QUEMADO,ERROR DE MANTENIMIENTO,TRACTOR,F00839
TRANSMISION,CARCASA DE TRANSMISION,PERNOS,FLOJO,ERROR DE MANTENIMIENTO,TRACTOR,F00840
LEVANTE HIDRAULICO,TEMPLADORES LATERALES,TEMPLADOR DERECHO,DESGASTADO,DESGASTE ESPERADO,TRACTOR,F00841
VENTILACION,MOTOR HIDRAULICO,ACOPLE,DESAJUSTADO,ERROR DE MANTENIMIENTO,IMPLEMENTO,F00842
LEVANTE HIDRAULICO,BRAZOS DE LEVANTE INFERIOR,SOPORTE,ROTO,CONDICION EXTERNA,TRACTOR,F00843
VENTILACION,SOPORTE DE BOOM,PERNO DE SUEJCION 5,DESAJUSTADO,ERROR DE MANTENIMIENTO,IMPLEMENTO,F00844
VENTILACION,MOTOR HIDRAULICO,RETEN 5,FUGADO,ERROR DE MANTENIMIENTO,IMPLEMENTO,F00845
HIDRAULICO,BLOQUE HIDRAULICO PRINCIPAL,CONECTOR T,AGRIETADO,CONDICION EXTERNA,IMPLEMENTO,F00846
MOTOR,ESCAPE,TUBO DE ESCAPE,DESAJUSTADO,CONDICION EXTERNA,TRACTOR,F00847
MOTOR,ESPEJO,BRAZO IZQUIERDO,DESAJUSTADO,CONDICION EXTERNA,TRACTOR,F00848
TRANSMISION,PALANCA DE RANGO,VARILLA 1,DESGASTADO,MALA OPERACION,TRACTOR,F00849
ACELERACION,PEDAL DE ACELERACION,RESORTE,ROTO,DESGASTE ESPERADO,TRACTOR,F00850
RUEDAS,BOCAMASAS,RODAMIENTO DERECHO,FLOJO,ERROR DE MANTENIMIENTO,IMPLEMENTO,F00851
COMANDO REMOTO,PALANCAS DE ACCIONAMIENTO,PERNO,DESREGULADO,ERROR DE MANTENIMIENTO,TRACTOR,F00852
RUEDAS,TREN DE RUEDAS,MUÑON DERECHO,FRACTURADO,MAL DISEÑO,IMPLEMENTO,F00853
ELECTRICO,ARRANCADOR,SOLENOIDE,QUEMADO,FALLA EN CASCADA,TRACTOR,F00854
VENTILACION,DIFUSOR,RESORTE,VENCIDO,DESGASTE ESPERADO,IMPLEMENTO,F00855
AGROQUIMICO,FILTRO DE AGROQUIMICOS,ORING,DEFORMADO,ERROR DE MANTENIMIENTO,IMPLEMENTO,F00856
HIDRAULICO,BOMBA DOBLE,EJE ESTRIADO,DESGASTADO,DESGASTE ESPERADO,IMPLEMENTO,F00857
EJE TRASERO,CARCASA DE EJE TRASERO,CARCASA DERECHA,ROTO,CONDICION EXTERNA,TRACTOR,F00858
ESTRUCTURA METALICA,SOPORTE DE MASTIL,CHUMACERA DERECHA,DESAJUSTADO,ERROR DE MANTENIMIENTO,IMPLEMENTO,F00859
EMBRAGUE,DISCO DE EMBRAGUE,KIT DE EMBRAGUE,ROTO,MALA OPERACION,TRACTOR,F00860
AGROQUIMICO,BOMBA JACTO,RETEN 1,FUGADO,ERROR DE MANTENIMIENTO,IMPLEMENTO,F00861
VENTILACION,MOTOR HIDRAULICO,CHAVETA DE MOTOR,DESGASTADO,ERROR DE MANTENIMIENTO,IMPLEMENTO,F00862
EMBRAGUE,PEDAL DE EMBRAGUE,SEGURO,ROTO,ERROR DE MANTENIMIENTO,TRACTOR,F00863
TRACTOR,TRACTOR,TRACTOR,LUBRICADO,ERROR DE GESTION,TRACTOR,F00864
IMPLEMENTO,IMPLEMENTO,IMPLEMENTO,LUBRICADO,ERROR DE GESTION,IMPLEMENTO,F00865
ESTRUCTURA METALICA,AGUILONES,PIN DERECHO,FLOJO,ERROR DE MANTENIMIENTO,IMPLEMENTO,F00866
FRENOS,VARILLAJE DE FRENOS,SEGURO,DESGASTADO,DESGASTE ESPERADO,TRACTOR,F00867
TABLERO,TABLERO DE COMANDOS,SOPORTE,ROTO,MALA OPERACION,TRACTOR,F00868
TREN DELANTERO,CARCASA DE REDUCTOR,TAPA IZQUIERDA,DESGASTADO,CONDICION EXTERNA,TRACTOR,F00869
LEVANTE HIDRAULICO,TEMPLADORES LATERALES,TEMPLADOR DERECHO,RAJADO,ERROR DE MANTENIMIENTO,IMPLEMENTO,F00870
ELECTRICO,ARRANCADOR,BENDIX,QUEMADO,DESGASTE ESPERADO,TRACTOR,F00871
ELECTRICO,ARRANCADOR,CONECTOR,DESCONECTADO,ERROR DE MANTENIMIENTO,TRACTOR,F00872
ELECTRICO,BATERIA,BORNE,FLOJO,ERROR DE MANTENIMIENTO,TRACTOR,F00873
AGROQUIMICO,BOMBA JACTO,ACEITE DE BOMBA,REDUCIDO,ERROR DE MANTENIMIENTO,IMPLEMENTO,F00874
AGROQUIMICO,BOMBA JACTO,PERNO SUJECION,FLOJO,CONDICION EXTERNA,IMPLEMENTO,F00875
AGROQUIMICO,BOMBA JACTO,RODAMIENTO 1,DESGASTADO,DESGASTE ESPERADO,IMPLEMENTO,F00876
RUEDAS,BOCAMASAS,MUÑON IZQUIERDO,ROTO,CONDICION EXTERNA,IMPLEMENTO,F00877
ELECTRICO,ELECTROVALVULA AIRE,BOBINA,QUEMADO,FALLA EN CASCADA,IMPLEMENTO,F00878
RUEDAS,NEUMATICOS POSTERIORES,ARO DERECHO,REDUCIDO,ERROR DE GESTION,TRACTOR,F00879
TRANSMISION,CARDAN AGRICOLA,TUBO,ROTO,MALA OPERACION,IMPLEMENTO,F00880
AGROQUIMICO,CONJUNTO DE BOQUILLAS,PORTABOQUILLA 1,ROTO,CONDICION EXTERNA,IMPLEMENTO,F00881
LEVANTE HIDRAULICO,BRAZOS DE LEVANTE INFERIOR,SEGURO,DESGASTADO,DESGASTE ESPERADO,TRACTOR,F00882
EMBRAGUE,DISCO DE EMBRAGUE,DISCO,DESGASTADO,DESGASTE ESPERADO,TRACTOR,F00883
TOMA DE FUERZA,PALANCA TDF,SEGURO,ROTO,ERROR DE MANTENIMIENTO,TRACTOR,F00884
AGROQUIMICO,TANQUE,SOPORTE DE GANZO,DESAJUSTADO,ERROR DE MANTENIMIENTO,IMPLEMENTO,F00885
TRANSMISION,PALANCA PRINCIPAL,VARILLA 2,TRABADO,MALA OPERACION,TRACTOR,F00886
AGROQUIMICO,BOMBA CENTRIFUGA,NIPLE,DESAJUSTADO,ERROR DE MANTENIMIENTO,IMPLEMENTO,F00887
DIRECCION,BOMBA HIDRAULICA,NIPLE,DESAJUSTADO,ERROR DE MANTENIMIENTO,TRACTOR,F00888
REFRIGERACION,REFRIGERANTE,REFRIGERANTE,REDUCIDO,ERROR DE MANTENIMIENTO,TRACTOR,F00889
SEGURIDAD,ALARMA DE RETROCESO,BORNE DE SALIDA,SULFATADO,CONDICION EXTERNA,TRACTOR,F00890
DIRECCION,FILTROS,FILTRO DE SUCCION,DESAJUSTADO,ERROR DE MANTENIMIENTO,TRACTOR,F00891
TRANSMISION,CARCASA DE TRANSMISION,PERNO,DESAJUSTADO,ERROR DE MANTENIMIENTO,TRACTOR,F00892
SEGURIDAD,ALARMA DE RETROCESO,CABLES,DESCONECTADO,CONDICION EXTERNA,TRACTOR,F00893
ELECTRICO,ELECTROVALVULAS AGROQUIMICOS,BOBINA 1,QUEMADO,CONDICION EXTERNA,IMPLEMENTO,F00894
HIDRAULICO,CAÑERIAS HIDRAULICAS,CAÑERIA PRESION,RAJADO,ERROR DE MANTENIMIENTO,IMPLEMENTO,F00895
VENTILACION,MOTOR HIDRAULICO,MOTOR 3,DESAJUSTADO,DESGASTE ESPERADO,IMPLEMENTO,F00896
ELECTRICO,ELECTROVALVULAS AGROQUIMICOS,BOBINA 2,QUEMADO,CONDICION EXTERNA,IMPLEMENTO,F00897
AGITACION,POLEAS,POLEA,DESGASTADO,ERROR DE MANTENIMIENTO,IMPLEMENTO,F00898
RUEDAS,BOCAMASAS,MUÑON DERECHO,FRACTURADO,MAL DISEÑO,IMPLEMENTO,F00899
AGROQUIMICO,FILTRO DE AGROQUIMICOS,FILTRO,OBSTRUIDO,ERROR DE MANTENIMIENTO,IMPLEMENTO,F00900
HIDRAULICO,ACEITE HIDRAULICO,ACEITE HIDRAULICO,REDUCIDO,ERROR DE MANTENIMIENTO,TRACTOR,F00901
COMBUSTIBLE,BOMBA DE ALIMENTACION,EJE,DESGASTADO,DESGASTE ESPERADO,TRACTOR,F00902
LEVANTE HIDRAULICO,TEMPLADORES LATERALES,PIN,ROTO,ERROR DE MANTENIMIENTO,TRACTOR,F00903
AGROQUIMICO,CONJUNTO DE BOQUILLAS,PORTABOQUILLA 8,ROTO,CONDICION EXTERNA,IMPLEMENTO,F00904
ELECTRICO,FAROS,SOPORTE,ROTO,CONDICION EXTERNA,TRACTOR,F00905
PLATAFORMA,PISOS METALICOS,PERNO,ROTO,ERROR DE MANTENIMIENTO,TRACTOR,F00906
AGROQUIMICO,BOMBA JACTO,FAJA,DESAJUSTADO,ERROR DE MANTENIMIENTO,IMPLEMENTO,F00907
TRACTOR,TRACTOR,OPERADOR,ENFERMADO,ERROR DE GESTION,TRACTOR,F00908
LEVANTE HIDRAULICO,TEMPLADOR TERCER PUNTO,REGULADOR,ROTO,ERROR DE MANTENIMIENTO,TRACTOR,F00909
VENTILACION,DEFLECTOR,PERNO,DESAJUSTADO,CONDICION EXTERNA,IMPLEMENTO,F00910
ESTRUCTURA METALICA,TORRE,TUBO,FISURADO,ERROR DE MANTENIMIENTO,IMPLEMENTO,F00911
RUEDAS,NEUMATICOS POSTERIORES,PITON,DESAJUSTADO,ERROR DE MANTENIMIENTO,IMPLEMENTO,F00912
PLATAFORMA,ASIENTO DE OPERADOR,CARRIL DE AJUSTE,DESAJUSTADO,ERROR DE MANTENIMIENTO,TRACTOR,F00913
COMANDO REMOTO,BLOQUE HIDRAULICO,ACTUADOR 1,FUGADO,DESGASTE ESPERADO,TRACTOR,F00914
VENTILACION,MOTOR HIDRAULICO,RETEN 6,DESGASTADO,DESGASTE ESPERADO,IMPLEMENTO,F00915
AGITACION,AGITADOR MECANICO,HELICE,DESAJUSTADO,ERROR DE MANTENIMIENTO,IMPLEMENTO,F00916
ESTRUCTURA METALICA,CHASIS,TUBO,FISURADO,CONDICION EXTERNA,IMPLEMENTO,F00917
AGROQUIMICO,COMANDO,REGULADOR,DESGASTADO,ERROR DE MANTENIMIENTO,IMPLEMENTO,F00918
AGROQUIMICO,BOMBA JACTO,CULATA SUPERIOR,AGRIETADO,ERROR DE MANTENIMIENTO,IMPLEMENTO,F00919
RUEDAS,AROS TRASEROS,PESTAÑA DERECHA,DEFORMADO,CONDICION EXTERNA,TRACTOR,F00920
HIDRAULICO,CILINDRO HIDRAULICO,VASTAGO DERECHO,DOBLADO,CONDICION EXTERNA,IMPLEMENTO,F00921
HIDRAULICO,CILINDRO HIDRAULICO,RETEN 2,FUGADO,DESGASTE ESPERADO,IMPLEMENTO,F00922
EMBRAGUE,DISCO DE EMBRAGUE,DISCO,DESGASTADO,MALA OPERACION,TRACTOR,F00923
ELECTRICO,ELECTROVALVULAS AGROQUIMICOS,SOLENOIDE,DESCONECTADO,ERROR DE MANTENIMIENTO,IMPLEMENTO,F00924
ELECTRICO,COMANDO,CABLE,DESCONECTADO,ERROR DE MANTENIMIENTO,IMPLEMENTO,F00925
DOBLE TRACCION,PALANCA DE ACCIONAMIENTO,REGULADOR,DESREGULADO,DESGASTE ESPERADO,TRACTOR,F00926
ACELERACION,VARILLAJE DE ACELERACION,REGULADOR,DESREGULADO,DESGASTE ESPERADO,TRACTOR,F00927
ELECTRICO,LUCES,FARO PIRATA 1,ROTO,CONDICION EXTERNA,TRACTOR,F00928
VENTILACION,SOPORTE DE BOOM,PERNO DE SUJECION 2,DESAJUSTADO,ERROR DE MANTENIMIENTO,IMPLEMENTO,F00929
AGROQUIMICO,CONJUNTO DE BOQUILLAS,PORTABOQUILLA 11,ROTO,CONDICION EXTERNA,IMPLEMENTO,F00930
HIDRAULICO,BOMBA DOBLE,CONECTOR 2,DESAJUSTADO,ERROR DE MANTENIMIENTO,IMPLEMENTO,F00931
TRANSMISION,TREN DE MARCHAS,VARILLA 1,DESGASTADO,DESGASTE ESPERADO,TRACTOR,F00932
ELECTRICO,ARNES ELECTRICO,FARO,DESAJUSTADO,CONDICION EXTERNA,IMPLEMENTO,F00933
TRANSMISION,CARDAN AGRICOLA,HORQUILLA 1,ROTO,MALA OPERACION,IMPLEMENTO,F00934
PLATAFORMA,ASIENTO DE OPERADOR,RESORTE SUSPENSOR,VENCIDO,DESGASTE ESPERADO,TRACTOR,F00935
AGROQUIMICO,BOMBA JACTO,FAJA,ROTO,ERROR DE MANTENIMIENTO,IMPLEMENTO,F00936
ELECTRICO,ARNES ELECTRICO,LUZ LED,DESCONECTADO,ERROR DE MANTENIMIENTO,IMPLEMENTO,F00937
ADMISION,FILTRO DE AIRE,FILTRO PRIMARIO,SUCIO,CONDICION EXTERNA,TRACTOR,F00938
LEVANTE HIDRAULICO,BOMBA HIDRAULICA,BRONCES,DESGASTADO,DESGASTE ESPERADO,TRACTOR,F00939
TABLERO,TRACTOMETRO,TACOMETRO,DESCONECTADO,ERROR DE MANTENIMIENTO,TRACTOR,F00940
ESTRUCTURA METALICA,AGUILONES,BRAZO DERECHO,DOBLADO,MALA OPERACION,IMPLEMENTO,F00941
REFRIGERACION,VENTILADOR,ALETAS,ROTO,FALLA EN CASCADA,TRACTOR,F00942
TREN DELANTERO,EJES DELANTEROS,ASIENTO DE RETEN,DESGASTADO,DESGASTE ESPERADO,TRACTOR,F00943
COMBUSTIBLE,TANQUE,GRIFO,OBSTRUIDO,FALLA EN CASCADA,TRACTOR,F00944
ELECTRICO,ELECTROVALVULAS AGROQUIMICOS,CONECTOR,DESAJUSTADO,ERROR DE MANTENIMIENTO,IMPLEMENTO,F00945
AGROQUIMICO,ELECTROVALVULAS AGROQUIMICOS,CONECTOR,FLOJO,ERROR DE MANTENIMIENTO,IMPLEMENTO,F00946
ESTRUCTURA METALICA,TIRO DE ENGANCHE,GANCHO,DESGASTADO,DESGASTE ESPERADO,IMPLEMENTO,F00947
AGROQUIMICO,TANQUE,SUJETADOR DE MANGUERA,ROTO,MALA OPERACION,IMPLEMENTO,F00948
AGROQUIMICO,TANQUE,MANGUERA DE NIVEL,ROTO,CONDICION EXTERNA,IMPLEMENTO,F00949
TRANSMISION,TURBINA,PERNO,ROTO,ERROR DE MANTENIMIENTO,IMPLEMENTO,F00950
RUEDAS,BOCAMASAS,RODAMIENTO 1,TRABADO,ERROR DE MANTENIMIENTO,IMPLEMENTO,F00951
ESTRUCTURA METALICA,TORRE,PERNO DE SUJECION 3,DESAJUSTADO,ERROR DE MANTENIMIENTO,IMPLEMENTO,F00952
TRANSMISION,EJE PRINCIPAL,EJE,DESGASTADO,ERROR DE MANTENIMIENTO,IMPLEMENTO,F00953
PLATAFORMA,PISOS METALICOS,PEDESTAL PARA MANDO,DESAJUSTADO,ERROR DE MANTENIMIENTO,TRACTOR,F00954
TRANSMISION,EJE DE TRANSMISION,ASIENTO DE RODAMIENTO,DESGASTADO,ERROR DE MANTENIMIENTO,IMPLEMENTO,F00955
ESTRUCTURA METALICA,MASTIL,TOPE LATERAL DERECHO,DESAJUSTADO,ERROR DE MANTENIMIENTO,IMPLEMENTO,F00956
IMPLEMENTO,IMPLEMENTO,IMPLEMENTO,VOLCADO,MALA OPERACION,IMPLEMENTO,F00957
COMANDO REMOTO,VARILLAJE DE ACCIONAMIENTO,PIN,ROTO,DESGASTE ESPERADO,TRACTOR,F00958
TRANSMISION,CARDAN PRINCIPAL,TUBO HEMBRA,ROTO,DESGASTE ESPERADO,IMPLEMENTO,F00959
ESTRUCTURA METALICA,SOPORTE DE MASTIL,TUBO,RAJADO,CONDICION EXTERNA,IMPLEMENTO,F00960
VENTILACION,SOPORTE DE BOOM,ABRAZADERA,DESAJUSTADO,ERROR DE MANTENIMIENTO,IMPLEMENTO,F00961
AGROQUIMICO,BOMBA JACTO,VALVULAS,DESGASTADO,ERROR DE MANTENIMIENTO,IMPLEMENTO,F00962
AGROQUIMICO,BOMBA CENTRIFUGA,PERNO DE SUJECION 1,DESAJUSTADO,ERROR DE MANTENIMIENTO,IMPLEMENTO,F00963
COMBUSTIBLE,BOMBA DE ALIMENTACION,CARCASA,FISURADO,CONDICION EXTERNA,TRACTOR,F00964
ACELERACION,VARILLAJE DE ACELERACION,PERNO,ROTO,ERROR DE MANTENIMIENTO,TRACTOR,F00965
ESTRUCTURA METALICA,AGUILONES,BRAZO IZQUIERDO,DOBLADO,MALA OPERACION,IMPLEMENTO,F00966
HIDRAULICO,BOMBA DOBLE,RETEN 1,FUGADO,DESGASTE ESPERADO,IMPLEMENTO,F00967
AGROQUIMICO,BOMBA BERTOLINI,DIAFRAGMA 1,ROTO,ERROR DE MANTENIMIENTO,IMPLEMENTO,F00968
AGROQUIMICO,BOMBA JACTO,PERNO SUJECION 1,DEFORMADO,ERROR DE MANTENIMIENTO,IMPLEMENTO,F00969
RUEDAS,BOCAMASAS,RODAMIENTO DERECHO,DESAJUSTADO,ERROR DE MANTENIMIENTO,IMPLEMENTO,F00970
HIDRAULICO,BOMBA DOBLE,ORING,FUGADO,DESGASTE ESPERADO,IMPLEMENTO,F00971
AGROQUIMICO,FILTROS,PERNO DE SUJECION 1,DESAJUSTADO,ERROR DE MANTENIMIENTO,IMPLEMENTO,F00972
ESTRUCTURA METALICA,SOPORTE DE TECHO,PLANCHA,FISURADO,CONDICION EXTERNA,IMPLEMENTO,F00973
AGROQUIMICO,FILTROS,BASE DE FILTRO,MODIFICADO,MAL DISEÑO,IMPLEMENTO,F00974
ELECTRICO,ELECTROVALVULAS AGROQUIMICOS,CONECTOR,SULFATADO,CONDICION EXTERNA,IMPLEMENTO,F00975
ELECTRICO,ELECTROVALVULA AIRE,VASTAGO DERECHO,PICADO,CONDICION EXTERNA,IMPLEMENTO,F00976
HIDRAULICO,CAÑERIAS HIDRAULICAS,TUBO,RAJADO,MALA FABRICACION,IMPLEMENTO,F00977
HIDRAULICO,CILINDRO HIDRAULICO,SOPORTE DE CILINDRO,ROTO,MALA OPERACION,IMPLEMENTO,F00978
HIDRAULICO,CILINDRO HIDRAULICO,RETEN,FUGADO,CONDICION EXTERNA,IMPLEMENTO,F00979
AGROQUIMICO,TANQUE,CODO 2,ROTO,CONDICION EXTERNA,IMPLEMENTO,F00980
HIDRAULICO,MANGUERAS HIDRAULICAS,MANGUERA 4,ROTO,ERROR DE MANTENIMIENTO,IMPLEMENTO,F00981
HIDRAULICO,MANGUERAS HIDRAULICAS,MANGUERA 2,ROTO,CONDICION EXTERNA,TRACTOR,F00982
ELECTRICO,ELECTROVALVULAS AGROQUIMICOS,TERMINAL DE ENCHUFE,DESCONECTADO,ERROR DE MANTENIMIENTO,IMPLEMENTO,F00983
VENTILACION,MANGUERAS DE AIRE,LADO DERECHO,PICADO,DESGASTE ESPERADO,IMPLEMENTO,F00984
DISCOS,DISCO,PERNO DE SOPORTE,FLOJO,ERROR DE MANTENIMIENTO,IMPLEMENTO,F00985
ELECTRICO,BOBINA,CONECTOR,QUEMADO,CONDICION EXTERNA,IMPLEMENTO,F00986
ELECTRICO,ELECTROVALVULAS AGROQUIMICOS,TERMINAL DE ENCHUFE,FLOJO,ERROR DE MANTENIMIENTO,IMPLEMENTO,F00987
TRANSMISION,CAJA MULTIPLICADORA,CONJUNTO COMPLETO,REEMPLAZADO,ERROR DE MANTENIMIENTO,IMPLEMENTO,F00988
FRENOS,VARILLAJE DE FRENOS,VARILLA 1,TORCIDO,CONDICION EXTERNA,TRACTOR,F00989
ESTRUCTURA METALICA,AGUILONES,BOCINA DERECHA,DESGASTADO,ERROR DE MANTENIMIENTO,IMPLEMENTO,F00990
TRANSMISION,FAJAS,FAJA 2,FLOJO,ERROR DE MANTENIMIENTO,IMPLEMENTO,F00991
TRANSMISION,FAJAS,FAJA 3,FLOJO,ERROR DE MANTENIMIENTO,IMPLEMENTO,F00992
HIDRAULICO,MOTOR HIDRAULICO,MOTOR 4,DESGASTADO,DESGASTE ESPERADO,IMPLEMENTO,F00993
ESTRUCTURA METALICA,AGUILONES,BOCINA DERECHA,DESGASTADO,DESGASTE ESPERADO,IMPLEMENTO,F00994
HIDRAULICO,MOTOR HIDRAULICO,RETEN 3,FUGADO,DESGASTE ESPERADO,IMPLEMENTO,F00995
DOBLE TRACCION,CARDAN LATERAL,CRUCETA,ROTO,ERROR DE MANTENIMIENTO,TRACTOR,F00996
LEVANTE HIDRAULICO,REGULADORES VERTICALES,REGULADOR DERECHO,DESGASTADO,DESGASTE ESPERADO,TRACTOR,F00997
VENTILACION,MOTOR HIDRAULICO,RETEN,FUGADO,DESGASTE ESPERADO,IMPLEMENTO,F00998
HIDRAULICO,MOTOR HIDRAULICO,CONJUNTO MOTOR 2,REEMPLAZADO,DESGASTE ESPERADO,IMPLEMENTO,F00999
ELECTRICO,TABLERO DE COMANDOS,JOYSTICK,CORTOCIRCUITADO,ERROR DE MANTENIMIENTO,IMPLEMENTO,F01000
COMBUSTIBLE,FILTROS,FILTRO PRIMARIO,OBSTRUIDO,CONDICION EXTERNA,TRACTOR,F01001
ACELERACION,VARILLAJE DE ACELERACION,PIN,DESGASTADO,DESGASTE ESPERADO,TRACTOR,F01002
ELECTRICO,CAJA DE FUSIBLES,FUSIBLE 3,QUEMADO,FALLA EN CASCADA,TRACTOR,F01003
HIDRAULICO,BOMBA HIDRAULICA,CARCASA EXTERIOR,DESGASTADO,DESGASTE ESPERADO,IMPLEMENTO,F01004
COMBUSTIBLE,FILTROS,ORING 1,FUGADO,ERROR DE MANTENIMIENTO,TRACTOR,F01005
AGROQUIMICO,TANQUE,CONECTOR,OBSTRUIDO,ERROR DE MANTENIMIENTO,IMPLEMENTO,F01006
HIDRAULICO,MOTOR HIDRAULICO,MOTOR 5,DESGASTADO,DESGASTE ESPERADO,IMPLEMENTO,F01007
VENTILACION,SOPORTE DE BOOM,ABRAZADERA,ROTO,CONDICION EXTERNA,IMPLEMENTO,F01008
MOTOR,SISTEMA DE LUBRICACION,FILTRO DE ACEITE,FRACTURADO,MAL USO,TRACTOR,F01009
RUEDAS,BOCAMASAS,RODAMIENTO IZQUIERDO,TRABADO,DESGASTE ESPERADO,IMPLEMENTO,F01010
TIRO,ENGANCHE,SEGURO DE PIN,ROTO,ERROR DE MANTENIMIENTO,IMPLEMENTO,F01011
COMANDO REMOTO,BLOQUE HIDRAULICO,ACOPLADOR HEMBRA,FUGADO,CONDICION EXTERNA,TRACTOR,F01012
DISCOS,DISCOS,CONJUNTO DE DISCO,OBSTRUIDO,CONDICION EXTERNA,IMPLEMENTO,F01013
VENTILACION,SOPORTE DE VENTILADOR 3,RODAMIENTO 1,TRABADO,DESGASTE ESPERADO,IMPLEMENTO,F01014
ELECTRICO,TABLERO DE COMANDOS,FUSIBLE 2,QUEMADO,FALLA EN CASCADA,IMPLEMENTO,F01015
DISCOS,DISCOS,EJE 4,DOBLADO,CONDICION EXTERNA,IMPLEMENTO,F01016
TRANSMISION,PIÑON DERECHO,RODAMIENTO,TRABADO,DESGASTE ESPERADO,IMPLEMENTO,F01017
HIDRAULICO,MOTOR HIDRAULICO,MOTOR 3,FUGADO,CONDICION EXTERNA,IMPLEMENTO,F01018
TRANSMISION,PANQUEQUE,RODAMIENTO 2,TRABADO,CONDICION EXTERNA,IMPLEMENTO,F01019
TRANSMISION,CARDAN AGRICOLA,CRUCETA,ROTO,DESGASTE ESPERADO,IMPLEMENTO,F01020
ELECTRICO,CAJA DE FUSIBLES,FUSIBLE 3,QUEMADO,FALLA EN CASCADA,IMPLEMENTO,F01021
TABLERO,HOROMETRO,CONECTOR,FLOJO,ERROR DE MANTENIMIENTO,TRACTOR,F01022
HIDRAULICO,MANGUERA HIDRAULICA,LADO DERECHO,ROTO,DESGASTE ESPERADO,IMPLEMENTO,F01023
TRANSMISION,PANQUEQUE,EJE ESTRIADO,DESGASTADO,DESGASTE ESPERADO,IMPLEMENTO,F01024
COMBUSTIBLE,COMBUSTIBLE,COMBUSTIBLE,CONSUMIDO,CONDICION EXTERNA,TRACTOR,F01025
HIDRAULICO,BLOQUE HIDRAULICO,ACOPLADOR HEMBRA,FUGADO,ERROR DE MANTENIMIENTO,IMPLEMENTO,F01026
VENTILACION,SOPORTE DE BOOM 2,ABRAZADERA,FLOJO,ERROR DE MANTENIMIENTO,IMPLEMENTO,F01027
HIDRAULICO,MANGUERA HIDRAULICA,BOOM,ROTO,DESGASTE ESPERADO,IMPLEMENTO,F01028
AGROQUIMICO,BOMBA CENTRIFUGA,RODAMIENTO,TRABADO,DESGASTE ESPERADO,IMPLEMENTO,F01029
REFRIGERACION,RADIADOR,VENTILADOR,QUEMADO,CONDICION EXTERNA,IMPLEMENTO,F01030
HIDRAULICO,CILINDRO HIDRAULICO,SOPORTE DERECHO,ROTO,CONDICION EXTERNA,IMPLEMENTO,F01031
TRANSMISION,CADENA DE ARRASTRE,CADENA IZQUIERDA,ROTO,CONDICION EXTERNA,IMPLEMENTO,F01032
DISCOS,DISCOS,EJE 2,DOBLADO,CONDICION EXTERNA,IMPLEMENTO,F01033
TRANSMISION,CAJA MULTIPLICADORA,ENGRANAJE,ROTO,ERROR DE MANTENIMIENTO,IMPLEMENTO,F01034
ELECTRICO,ARNES ELECTRICO,CABLE,CORTADO,CONDICION EXTERNA,IMPLEMENTO,F01035
CHASIS,PATINES LATERALES,PATINES,DESGASTADO,DESGASTE ESPERADO,IMPLEMENTO,F01036
HIDRAULICO,CILINDRO HIDRAULICO,RETEN 3,FUGADO,DESGASTE ESPERADO,IMPLEMENTO,F01037
VENTILACION,SOPORTE DE VENTILADOR 2,RODAMIENTO 2,TRABADO,DESGASTE ESPERADO,IMPLEMENTO,F01038
ACELERACION,ACELERADOR DE PIE,CABLE DE ACELERADOR,ROTO,DESGASTE ESPERADO,TRACTOR,F01039
TRANSMISION,FAJAS,FAJA 4,FLOJO,ERROR DE MANTENIMIENTO,IMPLEMENTO,F01040
VENTILACION,VENTILADOR,VENTILADOR,ROTO,CONDICION EXTERNA,IMPLEMENTO,F01041
HIDRAULICO,MANGUERA,MANGUERA DE BOMBA,ROTO,CONDICION EXTERNA,IMPLEMENTO,F01042
ACELERACION,ACELERADOR DE MANO,PERNO,FLOJO,ERROR DE MANTENIMIENTO,TRACTOR,F01043
HIDRAULICO,BLOQUE HIDRAULICO,ORING,FUGADO,DESGASTE ESPERADO,IMPLEMENTO,F01044
NEUMATICO,LLANTA,LADO IZQUIERDO,PICADO,DESGASTE ESPERADO,IMPLEMENTO,F01045
NEUMATICO,BOCAMASA,RODAMIENTO 1,TRABADO,DESGASTE ESPERADO,IMPLEMENTO,F01046
VENTILACION,TURBINA,CHAVETA,ROTO,CONDICION EXTERNA,IMPLEMENTO,F01047
TRANSMISION,EJE PRINCIPAL,EJE,ROTO,CONDICION EXTERNA,IMPLEMENTO,F01048
HIDRAULICO,CARDAN,EJE DE CARDAN,ROTO,CONDICION EXTERNA,IMPLEMENTO,F01049
COMBUSTIBLE,FILTRO DE PETROLEO,FILTRO,OBSTRUIDO,CONDICION EXTERNA,TRACTOR,F01050
AGROQUIMICO,LINEA DE RETORNO,LLAVE DE BOLA,FUGADO,DESGASTE ESPERADO,IMPLEMENTO,F01051
HIDRAULICO,SEGURO DE CADENA,SEGURO DE CADENA,ROTO,DESGASTE ESPERADO,IMPLEMENTO,F01052
VENTILACION,ENCROCHE,ENCROCHE,FLOJO,ERROR DE MANTENIMIENTO,IMPLEMENTO,F01053
AGROQUIMICO,BOMBA CENTRIFUGA,SELLO MECANICO,FUGADO,DESGASTE ESPERADO,IMPLEMENTO,F01054
CONTROLES HIDRAULICOS,BRAZOS DE LEVANTE SUPERIOR,BRAZO DERECHO,DESGASTADO,DESGASTE ESPERADO,TRACTOR,F01055
HIDRAULICO,MANGUERA,SUJETADOR DE MANGUERA,DESAJUSTADO,DESGASTE ESPERADO,IMPLEMENTO,F01056
HIDRAULICO,FILTRO,FILTRO,FUGADO,DESGASTE ESPERADO,IMPLEMENTO,F01057
ACELERACION,ACELERADOR DE PIE,PEDAL DE ACELERACION,FLOJO,ERROR DE MANTENIMIENTO,TRACTOR,F01058
AGROQUIMICO,MOTOR HIDRAULICO,MOTOR HIDRAULICO,DESGASTADO,DESGASTE ESPERADO,IMPLEMENTO,F01059
TRANSMISION,CARDAN AGRICOLA,CRUCETA,FUNDIDO,DESGASTE ESPERADO,IMPLEMENTO,F01060
BRAZO DE DISCO,BRAZO DERECHO,PERNOS,DAÑADO,DESGASTE ESPERADO,IMPLEMENTO,F01061
FRENOS,BOMBA DE FRENO,BOMBA,DESREGULADO,DESGASTE ESPERADO,TRACTOR,F01062
DIRECCION,FAJAS,FAJA,DAÑADO,DESGASTE ESPERADO,TRACTOR,F01063
ELECTRICO,ARRANCADOR,CONECTOR,DESCONECTADO,DESGASTE ESPERADO,TRACTOR,F01064
VENTILACION,MOTOR HIDRAULICO,MOTOR,FUGADO,DESGASTE ESPERADO,IMPLEMENTO,F01065
BRAZO DE DISCO,EJE DE DISCO,CANAL CHAVETERO,BARRIDO,MALA FABRICACION,IMPLEMENTO,F01066
RUEDAS,NEUMATICOS POSTERIORES,LLANTA DERECHA,REVENTADO,DESGASTE ESPERADO,TRACTOR,F01067
HIDRAULICO,CAÑERIAS HIDRAULICAS,CAÑERIA,ROTO,DESGASTE ESPERADO,IMPLEMENTO,F01068
HIDRAULICO,CILINDRO HIDRAULICO,PERNO,ROTO,DESGASTE ESPERADO,IMPLEMENTO,F01069
ELECTRICO,ELECTROVALVULAS AGROQUIMICOS,ELECTROVALVULA DERECHA,DAÑADO,ERROR DE MANTENIMIENTO,IMPLEMENTO,F01070
LUBRICACION,ACEITE DE MOTOR,ACEITE DE MOTOR,FUGADO,ERROR DE MANTENIMIENTO,TRACTOR,F01071
LUBRICACION,CARTER,ACEITE DE MOTOR,FUGADO,ERROR DE MANTENIMIENTO,TRACTOR,F01072
HIDRAULICO,MOTOR HIDRAULICO,TUERCA,FLOJO,ERROR DE MANTENIMIENTO,IMPLEMENTO,F01073
HIDRAULICO,MANGUERAS HIDRAULICAS,MANGUERA 3,FUGADO,CONDICION EXTERNA,IMPLEMENTO,F01074
ELECTRICO,LUCES,FARO PIRATA 1,DESINSTALADO,ERROR DE GESTION,TRACTOR,F01075
COMBUSTIBLE,FILTRO DE COMBUSTIBLE,ORING,OBSTRUIDO,DESGASTE ESPERADO,IMPLEMENTO,F01076
ESTRUCTURA METALICA,TIRO DE ENGANCHE,TUERCA,ROTO,DESGASTE ESPERADO,IMPLEMENTO,F01077
HIDRAULICO,MANGUERAS HIDRAULICAS,MANGUERA 2,REVENTADO,ERROR DE MANTENIMIENTO,TRACTOR,F01078
VENTILACION,MOTOR HIDRAULICO,ABRAZADERA,DAÑADO,ERROR DE MANTENIMIENTO,IMPLEMENTO,F01079
HIDRAULICO,CAÑERIAS HIDRAULICAS,CAÑERIA,ROTO,DESGASTE ESPERADO,TRACTOR,F01080
HIDRAULICO,MANGUERA HIDRAULICA,MANGUERA,REVENTADO,DESGASTE ESPERADO,IMPLEMENTO,F01081
ACELERACION,ACELERACION DE MANO,PEDAL DE ACELERACION,FLOJO,ERROR DE MANTENIMIENTO,TRACTOR,F01082
HIDRAULICO,MANGUERA HIDRAULICA,CAÑERIA,DAÑADO,DESGASTE ESPERADO,TRACTOR,F01083
HIDRAULICO,MANGUERA,MANGUERA,REVENTADO,DESGASTE ESPERADO,IMPLEMENTO,F01084
ESTRUCTURA METALICA,PROTECTOR DE LA CARRETA,TUBO,ROTO,MALA OPERACION,IMPLEMENTO,F01085
LEVANTE HIDRAULICO,REGULADORES VERTICALES,REGULADOR DERECHO,FLOJO,DESGASTE ESPERADO,TRACTOR,F01086
RUEDAS,BOCAMASA,RODAMIENTO DERECHO,ROTO,DESGASTE ESPERADO,IMPLEMENTO,F01087
ELECTRICO,COMANDO,CABLE,DESGASTADO,ERROR DE MANTENIMIENTO,IMPLEMENTO,F01088
ELECTRICO,TABLERO DE COMANDOS,HOROMETRO,QUEMADO,CONDICION EXTERNA,TRACTOR,F01089
AGROQUIMICO,CONJUNTO DE BOQUILLAS,PORTABOQUILLA 10,ROTO,CONDICION EXTERNA,IMPLEMENTO,F01090
VENTILACION,SOPORTE DE VENTILADOR 2,PERNO,DESGASTADO,ERROR DE MANTENIMIENTO,IMPLEMENTO,F01091
EMBRAGUE,VARILLAJE DE EMBRAGUE,PEDAL DE EMBRAGUE,ROTO,DESGASTE ESPERADO,TRACTOR,F01092
VENTILACION,BOOM,VENTILADOR 4,ROTO,CONDICION EXTERNA,IMPLEMENTO,F01093
TRANSMISION,RODAJE DE CHUMACERA,EJE DE TURBINA,DESGASTADO,DESGASTE ESPERADO,IMPLEMENTO,F01094
TRANSMISION,PALANCA PRINCIPAL,PALANCA,ROTO,DESGASTE ESPERADO,TRACTOR,F01095
VENTILACION,CHUMACERAS,CHUMACERA,DESGASTADO,DESGASTE ESPERADO,IMPLEMENTO,F01096
RUEDAS,NEUMATICO POSTERIOR,LLANTA DERECHA,PICADO,CONDICION EXTERNA,TRACTOR,F01097
HIDRAULICO,MANGUERA HIDRAULICA,LADO DERECHO,ROTO,DESGASTE ESPERADO,TRACTOR,F01098
VENTILACION,SOPORTE DE BOOM,PERNO DE SUJECION 2,ROTO,ERROR DE MANTENIMIENTO,IMPLEMENTO,F01099
TRANSMISION,FILTROS,FILTRO HIDRAULICO,ROTO,CONDICION EXTERNA,TRACTOR,F01100
DIRECCION,ARTICULACION,TERMINAL DE DIRECCION,DESGASTADO,ERROR DE MANTENIMIENTO,TRACTOR,F01101
COMBUSTIBLE,BOMBA DE INYECCION,MANGUERA,FUGADO,DESGASTE ESPERADO,TRACTOR,F01102
ESTRUCTURA METALICA,CHASIS,PLANCHA,ROTO,MALA OPERACION,IMPLEMENTO,F01103
RUEDAS,NEUMATICO POSTERIOR,LLANTA IZQUIERDA,PICADO,CONDICION EXTERNA,TRACTOR,F01104
HIDRAULICO,LEVANTE HIDRAULICO,TEMPLADOR,ROTO,DESGASTE ESPERADO,TRACTOR,F01105
AGROQUIMICO,MANGUERA AGROQUIMICO,MANGUERA,ROTO,DESGASTE ESPERADO,IMPLEMENTO,F01106
AGROQUIMICO,MANGUERA DE AGROQUIMICOS,MANGUERA,ROTO,ERROR DE MANTENIMIENTO,IMPLEMENTO,F01107
ELECTRICO,ALTERNADOR,FAJA,ROTO,DESGASTE ESPERADO,TRACTOR,F01108
AGROQUIMICO,BOMBA BARTOLINI,BOMBA,ROTO,DESGASTE ESPERADO,IMPLEMENTO,F01109
HIDRAULICO,MANGUERA HIDRAULICA,MANGUERA,REVENTADO,DESGASTE ESPERADO,TRACTOR,F01110
RUEDAS,LLANTA,LLANTA,PICADO,CONDICION EXTERNA,TRACTOR,F01111
ESTRUCTURA METALICA,PLANCHA,PLANCHA,ROTO,DESGASTE ESPERADO,IMPLEMENTO,F01112
HIDRAULICO,MANGUERA HIDRAULICA,LADO IZQUIERDO,ROTO,DESGASTE ESPERADO,IMPLEMENTO,F01113
AGROQUIMICO,MANGUERA DE AGROQUIMICOS,MANGUERA,ROTO,DESGASTE ESPERADO,IMPLEMENTO,F01114
ESTRUCTURA METALICA,BASE DE PLANCHA,PLANCHA,ROTO,DESGASTE ESPERADO,IMPLEMENTO,F01115
LEVANTE HIDRAULICO,TAPA DE LEVANTE,BRAZO LADO DERECHO,ROTO,DESGASTE ESPERADO,TRACTOR,F01116
TABLERO,TABLERO DE COMANDOS,SOPORTE,RAJADO,CONDICION EXTERNA,IMPLEMENTO,F01117
RUEDAS,NEUMATICO POSTERIOR,LADO DERECHO,PICADO,CONDICION EXTERNA,TRACTOR,F01118
HIDRAULICO,MANGUERA,MANGUERA,ROTO,DESGASTE ESPERADO,IMPLEMENTO,F01119
HIDRAULICO,CILINDRO HIDRAULICO,BRIDA,ROBADO,DESGASTE ESPERADO,IMPLEMENTO,F01120
