﻿ID_LOTE,LOTE,CULTIVO
1.0,1.0,PALTO
1.0,1.0,Palto
1.0,1.0,Arandano
1.0,1.0,ARANDANO
10.0,10.0,Palto
10.0,10.0,ARandano
10.0,10.0,PALTO
10.0,10.0,Arandano
10.0,10.0,ARANDANO
11.0,11.0,ARANDANO
11.0,11.0,Arandano
11.0,11.0,Palto
11.0,11.0,PALTO
12.0,12.0,PALTO
12.0,12.0,Arandano
12.0,12.0,Palto
12.0,12.0,ARANDANO
14.0,14.0,Palto
14.0,14.0,ARandano
14.0,14.0,Arandano
14.0,14.0,ARANDANO
14.0,14.0,PALTO
15.0,15.0,Arandano
15.0,15.0,ARANDANO
15.0,15.0,PALTO
15.0,15.0,ARandano
15.0,15.0,Palto
16.0,16.0,ARANDANO
16.0,16.0,PALTO
16.0,16.0,Arandano
16.0,16.0,Palto
2.0,2.0,Arandano
2.0,2.0,PALTO
2.0,2.0,Palto
3.0,3.0,Arandano
3.0,3.0,PALTO
3.0,3.0,Palto
3.0,3.0,ARANDANO
4.0,4.0,PALTO
4.0,4.0,Arandano
4.0,4.0,ARANDANO
4.0,4.0,Palto
5.0,5.0,Arandano
5.0,5.0,ARandano
5.0,5.0,ARANDANO
5.0,5.0,PALTO
6.0,6.0,ARANDANO
6.0,6.0,Arandano
6.0,6.0,PALTO
6.0,6.0,Palto
7.0,7.0,ARANDANO
7.0,7.0,Arandano
7.0,7.0,Palto
7.0,7.0,ARandano
7.0,7.0,PALTO
7.1,7.1,Palto
8.0,8.0,ARANDANO
8.0,8.0,PALTO
8.0,8.0,Arandano
8.0,8.0,Palto
8.0,8.0,ARandano
9.0,9.0,Palto
9.0,9.0,ARANDANO
9.0,9.0,PALTO
99.0,99.0,Arandano
