﻿NOMBRE_OPERADOR,ID_OPERADOR
AGURTO MEDRANO JHON,OP0001
ALBUJAR CERVANTES NESTOR,OP0002
ANAYA CUENCA ROOBINSON,OP0003
ANDRES BLAS EUCLIDES,OP0004
ASIN REYES MARIO,OP0005
Agurto Medrano Jhon,OP0006
Albujar Cervantes Nestor,OP0007
Alzamora Trinidad Irving,OP0008
Andres Blas Euclides,OP0009
Asin Reyes Mario,OP0010
BALTAZAR RURUSH ANTONIO,OP0011
BORJA RODRIGUEZ NILTON,OP0012
BORJA RODRIGUEZ TUYO,OP0013
BREAS CARRION FERNANDO,OP0014
BREAS Carrion Fernando,OP0015
BUENO VELA ALBERTO,OP0016
Baltazar Rurush Antonio,OP0017
Borja Rodriguez Tuyo,OP0018
Breas Carrion Fernando,OP0019
Bueno Vela Alberto,OP0020
CABANILLAS TENORIO VELESARIO,OP0021
CALDAS AGUIRRE AIMAR,OP0022
CALDAS CABALLERO JUAN,OP0023
CALDAS CABALLERO WILDER,OP0024
CAMONES PAJUELO BRAYAN,OP0025
CARDENAS SAAVEDRA ANGEL,OP0026
CASTREJON BENANCIO JHINO,OP0027
CASTRO LASHAG JHON,OP0028
CAYETANO SANCHEZ FREDDY,OP0029
CAYEtano Sanchez Freddy,OP0030
CHAVEZ ARAUJO DAVID,OP0031
CHAVEZ ARAUjo David,OP0032
CHAVEZ Araujo David,OP0033
CHAVEZ Arquinigo Nicky,OP0034
CHAVEZ HUAMAN BENITO,OP0035
CHAVEZ HUAMAN LENAR,OP0036
CHIPARRA SIFUENTES MAURICIO,OP0037
CONDOR CRUZ DARWIN,OP0038
CRUZ MENDOZA LUIS,OP0039
CRUZ RUIZ MIGUEL,OP0040
CRUZ RUIZ Miguel,OP0041
Caldas Aguirre Aimar,OP0042
Caldas Caballero Juan,OP0043
Caldas Caballero Wilder,OP0044
Camones Pajuelo Bryan,OP0045
Cardenas Saavedra Angel,OP0046
Carlos Rojas Hidalgo,OP0047
Castillo Silva Jose,OP0048
Castro Lashag Jhon,OP0049
Cayetano Sanchez Freddy,OP0050
Chavez Araujo,OP0051
Chavez Araujo David,OP0052
Chavez Arquinigo Nicky,OP0053
Chavez Huaman Benito,OP0054
Chavez Huaman Lenar,OP0055
Chiparra Sifuentes Mauricio,OP0056
Condor Cruz Darwin,OP0057
Cruz Mendoza Luis,OP0058
Cruz Ruiz Miguel,OP0059
ENRIQUEZ DELEDESMA GERSON,OP0060
ESPINOZA CABANILLAS ENRIQUE,OP0061
ESPINOZA CABANILLAS RAMIRO,OP0062
ESPINOZA OSORIO JAIME,OP0063
Enriquez Deledesma Gerson,OP0064
Espinoza Cabanillas Enrique,OP0065
Espinoza Cabanillas Pio,OP0066
Espinoza Cabanillas Ramiro,OP0067
Espinoza Osorio Jaime,OP0068
Fauato Pardo Sixi,OP0069
GARCIA ALLAUCA JEAN,OP0070
GArcia Allauca Jean,OP0071
GUTIERREZ TOLENTINO PEDRO,OP0072
Garcia Allauca Jean,OP0073
Gutierrez Tolentino Pedro,OP0074
HINOSTROZA PAREDES MARCO,OP0075
HIZO CADILLO RAUL,OP0076
HORNA TERRONES ALCIBIADES,OP0077
HUAYTA JARA KERT,OP0078
Hinostroza Paredes Marco,OP0079
Hizo Cadillo Raul,OP0080
Horna Terrones Alcibiades,OP0081
Huayta Jara Kert,OP0082
Huerta Gamarra Wilson,OP0083
Huerta Quispe Walter,OP0084
IBAÑEZ SERNAQUE RUBEN,OP0085
JARA Suarez Rodrigo,OP0086
JAVIAN MORON ROBERTO,OP0087
JULCA JULCA ALBERT,OP0088
Jara Suarez Rodrigo,OP0089
Javian Moron Roberto,OP0090
LASHAG MARTINEZ JHONATAN,OP0091
LOCANO RIVERA WILDERSON,OP0092
LOPEZ ZAVALA DIOMEDES,OP0093
Lashag Martienz Jhonatan,OP0094
Lashag Martinez Jhonatan,OP0095
Leon Chavez Hector,OP0096
Locano Rivera Wilderson,OP0097
Lopez ZavPala Diomedes,OP0098
Lopez Zavala Diomedes,OP0099
Lozano Vega Oscar,OP0100
MANRIQUE NICHO LEDER,OP0101
MARQUEZ ARRAGA ENRIQUE,OP0102
MEDRANO LOPEZ YONKLER,OP0103
MELGAREJO ESPINOZA EDBER,OP0104
MONJA CLAVIJO SANTOS,OP0105
MORALES CABRERA CARLOS,OP0106
MORALES TORRES FRANKLIN,OP0107
Manrique Nicho Leder,OP0108
Marquez Arraga Enrique,OP0109
Marquez Arranga Enrique,OP0110
Medrano Lopez Yonkler,OP0111
Melgarejo Espinoza Edber,OP0112
Monja Clavijo Santos,OP0113
Morales Cabrera Carlos,OP0114
Morales Torres Franklin,OP0115
Napuri Trejo Pedro,OP0116
OLIVARES FELIX RONALDO,OP0117
OLIVAS TENA JOFFERT,OP0118
Olivares Felix Ronaldo,OP0119
Olivas Tena Joffert,OP0120
Olivas Tenas Joffert,OP0121
PADILLA SEVINCHE MIGDONIO,OP0122
PAICO FLORIAN ERICSON,OP0123
PARDO SIXI FAUSTO,OP0124
PEÑA BARRIONUEVO LEONARDO,OP0125
PIMENTEL LOPEZ BAUDILIO,OP0126
PRIETO RUIZ DANNY,OP0127
PURIZACA MAGUIÑA OMAR,OP0128
Padilla Sevinche Migdonio,OP0129
Pardo Fausto Sixi,OP0130
Pardo Sixi Fausto,OP0131
Peña Barrionuevo Leonardo,OP0132
Peña Malvaceda Ronaldiño,OP0133
Pimentel Abarca Alfredo,OP0134
Pimentel Lopez Baudilio,OP0135
Prieto Ruiz Danny,OP0136
Purizaca Maguiña Gianmarco,OP0137
Purizaca Maguiña Omar,OP0138
QUEZADA AGILIO DIONICIO,OP0139
QUISPE ROJAS OLIVER,OP0140
QUISPE ROJAS WALTER,OP0141
QUIÑONES CRUZ WILLIAM,OP0142
Quezada Agilio Dionicio,OP0143
Quispe Rojas Oliver,OP0144
Quispe Rojas Walter,OP0145
Quiñones Cruz William,OP0146
RAMIREZ RIMAC MARCOS,OP0147
REGALADO FERNANDEZ JAVIER,OP0148
RIVAS RIVERA EDGAR,OP0149
RODRIGUEZ MELGAREJO LUIS,OP0150
ROJAS CHAUCA CARLOS,OP0151
ROJAS CHAUCA EDINSON,OP0152
ROJAS CIERTO VILL,OP0153
ROJAS HIDALGO CARLOS,OP0154
ROMAN QUESADA ANGEL,OP0155
ROMERO JARA ARNIE,OP0156
ROSALES PRADA ABEL,OP0157
Ramirez Rimac Marcos,OP0158
Regalado Fernandez Javier,OP0159
Rivas Rivera Edgar,OP0160
Roberto Serrato popuche,OP0161
Rodriguez Melgarejo Luis,OP0162
Rojas Chauca Carlos,OP0163
Rojas Cierto Vill,OP0164
Rojas Hidalgo Carlos,OP0165
Romero Jara Arnie,OP0166
Rosales Piedra Luis,OP0167
Rosales Prada Abel,OP0168
Rosales Prada Yojan,OP0169
SAJAMI RODRIGUEZ ALAIN,OP0170
SANTIAGO FLORES,OP0171
SANTIAGO FLORES ELMER,OP0172
SANTIAGO FLORES ELVIS,OP0173
SANTIAGO FLORES HELMER,OP0174
SANTIAGO FLORES JUNIOR,OP0175
SANTIAGO MARCELO WILMER,OP0176
SANTIAGO VILCHEZ PORFIRIO,OP0177
SANTOS BENANCIO NICEFORO,OP0178
SANTOS YUPANQUI WALTER,OP0179
SERRATO PUPUCHE AM,OP0180
SERRATO PUPUCHE ANGEL,OP0181
SERRATO PUPUCHE JUNIOR,OP0182
SERRATO PUPUCHE ROBERTO,OP0183
SOLLER SALDAÑA TERRY,OP0184
SOTO SANCHEZ PEDRO,OP0185
Sajami Rodriguez Alain,OP0186
Sanchez Julca John,OP0187
Santiago Flores Elmer,OP0188
Santiago Flores Elvis,OP0189
Santiago Flores Helmer,OP0190
Santiago Flores Junior,OP0191
Santiago Marcelo Wilmer,OP0192
Santiago Vilchez Porfirio,OP0193
Santos Benancio Niceforo,OP0194
Santos Monja Clavijo,OP0195
Santos Yupanqui Walter,OP0196
Serrato Pupuche ANGEL,OP0197
Serrato Pupuche Angel,OP0198
Serrato Pupuche Junior,OP0199
Serrato Pupuche Roberto,OP0200
Solano Valverde Jair,OP0201
Soller Saldaña Terry,OP0202
Soto Sanchez Pedro,OP0203
TAMAYO CARBAJAL DANTE,OP0204
Tamayo Carbajal Dante,OP0205
Tarazona Rivera Elvis,OP0206
Tenorio Cruz Santiago,OP0207
Uwek Sawit Cleto,OP0208
VALVERDE LEON FELIX,OP0209
VIDAL BRAVO ABDIAS,OP0210
VIERA FLORES ROYER,OP0211
VIERA HERRERA OLMER,OP0212
VILCHEZ CHERO MANUEL,OP0213
Valverde  Solano Jair,OP0214
Valverde Hinostroza Armando,OP0215
Valverde Leon Felix,OP0216
Valverde Solano Jair,OP0217
Valverde Valverde Edilberto,OP0218
Vergara Fabian Victor,OP0219
Vidal Bravo Abdias,OP0220
Viera Herrera Olmer,OP0221
Vilchez Chero Manuel,OP0222
santiago flores elvis,OP0223
santiago flores wil,OP0224
